trackingId,origen,destino,peso_kg,largo_cm,ancho_cm,alto_cm,estado,prioridadManual
TRK-D52986CA,Córdoba,Mar del Plata,7.26,48,23,29,INICIADO,MEDIA
TRK-CB31FD5E,Córdoba,Rosario,0.32,,,,INICIADO,BAJA
TRK-EF4339C2,Córdoba,Neuquén,0.29,,,,EN_TRANSITO,BAJA
TRK-9512D315,Mendoza,Salta,23.66,99,52,44,EN_TRANSITO,ALTA
TRK-B4D76CC5,Salta,La Plata,4.52,48,28,18,INICIADO,BAJA
TRK-D6E160A5,Neuquén,Salta,2.93,21,14,13,EN_TRANSITO,BAJA
TRK-5D8D50FE,Neuquén,Córdoba,1.17,22,13,15,INICIADO,BAJA
TRK-9AF903C2,Neuquén,Córdoba,1.38,21,15,14,INICIADO,BAJA
TRK-AFD8DB78,La Plata,Rosario,3.6,31,21,16,EN_TRANSITO,BAJA
TRK-6F4CBE66,Mendoza,Córdoba,22.19,51,66,32,EN_TRANSITO,ALTA
TRK-219D1CB4,Salta,Tucumán,6.82,47,40,23,EN_TRANSITO,MEDIA
TRK-CC5C2C19,Rosario,Mar del Plata,26.42,101,71,60,INICIADO,ALTA
TRK-6FDFE94B,Salta,La Plata,25.02,93,64,53,EN_TRANSITO,ALTA
TRK-7A136A5F,La Plata,Rosario,1.43,23,13,8,INICIADO,BAJA
TRK-6A6DE6ED,Salta,Mar del Plata,5.81,37,39,29,INICIADO,MEDIA
TRK-CCC1A38F,Mendoza,Tucumán,0.46,,,,EN_TRANSITO,BAJA
TRK-10772917,Mar del Plata,CABA,0.32,,,,INICIADO,BAJA
TRK-BE05A9A8,La Plata,Salta,25.13,77,72,37,EN_TRANSITO,ALTA
TRK-625AB631,Neuquén,Tucumán,0.96,27,16,13,INICIADO,BAJA
TRK-AD00603C,Tucumán,La Plata,6.01,50,38,24,INICIADO,MEDIA
TRK-A2FC28CC,CABA,La Plata,5.74,33,40,24,EN_TRANSITO,MEDIA
TRK-8C821B6F,Mendoza,Neuquén,1.5,18,15,9,INICIADO,BAJA
TRK-F0BECC00,Neuquén,Córdoba,11.08,95,70,55,INICIADO,ALTA
TRK-813A3ED7,Mar del Plata,Córdoba,0.44,,,,EN_TRANSITO,BAJA
TRK-D236FD68,Mendoza,Mar del Plata,4.24,50,30,26,EN_TRANSITO,MEDIA
TRK-CA74976D,Mendoza,Rosario,20.86,113,70,33,EN_TRANSITO,ALTA
TRK-FDE38A44,Tucumán,Salta,22.33,70,66,43,EN_TRANSITO,ALTA
TRK-BF0FB516,Tucumán,CABA,23.06,97,50,48,INICIADO,ALTA
TRK-0FBD01CF,Córdoba,Salta,28.05,79,61,40,INICIADO,ALTA
TRK-4023BBAF,CABA,Neuquén,3.11,38,21,27,EN_TRANSITO,BAJA
TRK-DFF84DA0,Mar del Plata,Córdoba,0.5,,,,EN_TRANSITO,BAJA
TRK-C132E5F0,Mar del Plata,Córdoba,17.63,61,74,57,INICIADO,ALTA
TRK-61A60621,Tucumán,Neuquén,1.65,16,17,14,EN_TRANSITO,BAJA
TRK-4A68634D,Mar del Plata,Córdoba,0.15,,,,EN_TRANSITO,BAJA
TRK-7DCB0CBF,Mar del Plata,Rosario,0.32,,,,EN_TRANSITO,BAJA
TRK-1F728990,Tucumán,Mar del Plata,2.86,24,10,14,INICIADO,BAJA
TRK-51ECCE90,Neuquén,Tucumán,1.71,17,14,15,EN_TRANSITO,BAJA
TRK-0B880589,Tucumán,Rosario,9.97,32,22,20,EN_TRANSITO,MEDIA
TRK-863D444E,CABA,Córdoba,29.76,59,50,41,EN_TRANSITO,ALTA
TRK-E7A0A03B,Neuquén,CABA,1.88,25,11,10,EN_TRANSITO,BAJA
TRK-D5102020,Rosario,La Plata,0.43,,,,INICIADO,BAJA
TRK-0270D5AA,Neuquén,Rosario,6.5,45,40,26,EN_TRANSITO,MEDIA
TRK-6485945D,Mar del Plata,Neuquén,4.98,43,24,16,INICIADO,BAJA
TRK-158A2096,Salta,Córdoba,34.64,83,47,58,EN_TRANSITO,ALTA
TRK-A3546ABE,Córdoba,CABA,0.28,,,,EN_TRANSITO,BAJA
TRK-5EB583ED,La Plata,Rosario,0.16,,,,EN_TRANSITO,BAJA
TRK-BE873E56,Mendoza,Rosario,0.38,,,,EN_TRANSITO,BAJA
TRK-DD0F7699,CABA,Mar del Plata,1.29,15,15,8,EN_TRANSITO,BAJA
TRK-B4E8010B,La Plata,Mar del Plata,0.31,,,,EN_TRANSITO,BAJA
TRK-EE1B1A46,Salta,Córdoba,7.04,43,30,29,INICIADO,MEDIA
TRK-24A72305,Neuquén,Salta,0.48,,,,EN_TRANSITO,BAJA
TRK-7B9EBAA5,CABA,Neuquén,21.88,77,79,53,INICIADO,ALTA
TRK-70A9015C,Neuquén,CABA,2.16,22,20,13,EN_TRANSITO,BAJA
TRK-DF957EA8,Salta,Mendoza,0.28,,,,INICIADO,BAJA
TRK-0E000306,Rosario,Salta,1.93,20,19,12,INICIADO,BAJA
TRK-4C3A86F7,Mendoza,Tucumán,3.88,50,23,24,INICIADO,BAJA
TRK-518B77FA,Rosario,Tucumán,1.21,24,18,6,EN_TRANSITO,BAJA
TRK-1829EDE7,Tucumán,La Plata,11.85,81,64,34,INICIADO,ALTA
TRK-40127145,Mendoza,Córdoba,22.46,51,70,34,EN_TRANSITO,ALTA
TRK-AE734AAA,Salta,Mendoza,1.45,24,10,5,EN_TRANSITO,BAJA
TRK-63309AEB,Neuquén,Mendoza,0.2,,,,INICIADO,BAJA
TRK-39C3CA05,CABA,Mar del Plata,3.25,32,22,22,INICIADO,BAJA
TRK-F8343CAE,La Plata,Córdoba,8.57,47,23,26,INICIADO,MEDIA
TRK-5F27F16C,Mar del Plata,CABA,3.89,36,27,26,INICIADO,BAJA
TRK-C277BC4D,Mar del Plata,Mendoza,22.01,59,50,36,EN_TRANSITO,ALTA
TRK-5170C3BD,Tucumán,Neuquén,21.98,82,45,36,INICIADO,ALTA
TRK-E4CCB882,Tucumán,Neuquén,0.64,27,18,6,EN_TRANSITO,BAJA
TRK-CFD5E49A,La Plata,CABA,27.09,84,61,40,EN_TRANSITO,ALTA
TRK-BE691E65,Córdoba,Mar del Plata,2.45,16,11,13,INICIADO,BAJA
TRK-AC3101FE,Tucumán,Mar del Plata,24.05,99,50,35,EN_TRANSITO,ALTA
TRK-CF714EB0,La Plata,Mar del Plata,27.3,96,69,41,EN_TRANSITO,ALTA
TRK-84AA02AD,Mendoza,Neuquén,8.53,42,26,30,EN_TRANSITO,MEDIA
TRK-84C6007A,Mendoza,Rosario,2.74,21,18,12,EN_TRANSITO,BAJA
TRK-6075B2F8,Salta,Rosario,0.15,,,,INICIADO,BAJA
TRK-1E7009DF,Rosario,Tucumán,7.3,43,24,18,INICIADO,MEDIA
TRK-A14AE747,CABA,La Plata,6.65,50,37,18,EN_TRANSITO,MEDIA
TRK-6035686B,Neuquén,Mendoza,0.48,,,,EN_TRANSITO,BAJA
TRK-50C2DC7B,Tucumán,La Plata,32.73,83,51,42,INICIADO,ALTA
TRK-514F7F80,Rosario,Tucumán,0.3,,,,EN_TRANSITO,BAJA
TRK-2FDADB60,Córdoba,CABA,2.56,25,13,11,EN_TRANSITO,BAJA
TRK-366CF4D5,CABA,Mendoza,14.05,81,64,57,EN_TRANSITO,ALTA
TRK-1C616DC6,Neuquén,CABA,0.21,,,,EN_TRANSITO,BAJA
TRK-F2C400D0,Neuquén,CABA,1.4,28,13,10,INICIADO,BAJA
TRK-96926E10,Mendoza,Tucumán,0.42,,,,EN_TRANSITO,BAJA
TRK-7EF8B995,Mendoza,Tucumán,32.43,117,57,55,EN_TRANSITO,ALTA
TRK-543AF5AF,Córdoba,La Plata,0.42,,,,INICIADO,BAJA
TRK-EECA6523,La Plata,Mendoza,0.14,,,,EN_TRANSITO,BAJA
TRK-0F74D28B,Tucumán,Rosario,2.91,18,12,15,INICIADO,BAJA
TRK-51B468E7,La Plata,Tucumán,4.28,41,30,30,INICIADO,MEDIA
TRK-937045ED,La Plata,CABA,0.2,,,,EN_TRANSITO,BAJA
TRK-F0E96E42,CABA,Neuquén,34.03,64,71,45,EN_TRANSITO,ALTA
TRK-5407FD77,Salta,Tucumán,32.26,72,51,54,INICIADO,ALTA
TRK-54EA2B63,Neuquén,Mar del Plata,0.19,,,,EN_TRANSITO,BAJA
TRK-60D25651,Mar del Plata,Salta,0.36,,,,INICIADO,BAJA
TRK-02080FB3,CABA,Mendoza,0.2,,,,INICIADO,BAJA
TRK-897E7C83,CABA,Córdoba,0.28,,,,EN_TRANSITO,BAJA
TRK-5A3F36E8,Tucumán,CABA,9.88,34,27,30,INICIADO,MEDIA
TRK-57F1A653,Mendoza,Rosario,2.07,23,20,6,EN_TRANSITO,BAJA
TRK-8587336B,Neuquén,Córdoba,1.75,21,17,14,INICIADO,BAJA
TRK-8DF30DE5,Neuquén,Salta,2.07,16,19,10,EN_TRANSITO,BAJA
TRK-B53F3DDB,Córdoba,Mendoza,1.82,20,15,7,EN_TRANSITO,BAJA
TRK-68332AB7,Neuquén,Mar del Plata,13.68,72,43,41,INICIADO,ALTA
TRK-3A2C9236,La Plata,Rosario,8.94,44,23,27,EN_TRANSITO,MEDIA
TRK-381E0BF4,Mendoza,Córdoba,27.93,107,66,45,EN_TRANSITO,ALTA
TRK-F0CB7C01,La Plata,Córdoba,16.01,103,51,51,INICIADO,ALTA
TRK-E8390E1A,Mendoza,Rosario,1.87,30,20,12,EN_TRANSITO,BAJA
TRK-1B3B29C4,Córdoba,Mar del Plata,26.66,111,55,47,EN_TRANSITO,ALTA
TRK-51EEFD32,Córdoba,Rosario,0.26,,,,EN_TRANSITO,BAJA
TRK-177AE64F,Córdoba,Mendoza,8.83,40,29,27,EN_TRANSITO,MEDIA
TRK-4044E796,Neuquén,Córdoba,2.46,29,12,12,INICIADO,BAJA
TRK-875FE56B,Tucumán,La Plata,26.81,106,45,37,EN_TRANSITO,ALTA
TRK-6C7038F9,La Plata,Salta,3.35,47,34,16,EN_TRANSITO,BAJA
TRK-436F2F1E,Córdoba,Mendoza,8.89,38,35,23,EN_TRANSITO,MEDIA
TRK-3994CA14,Mendoza,La Plata,1.42,15,11,8,INICIADO,BAJA
TRK-31831422,Mendoza,CABA,1.65,30,15,5,INICIADO,BAJA
TRK-D896F5B7,Rosario,Mendoza,0.17,,,,EN_TRANSITO,BAJA
TRK-7C000C19,Neuquén,Salta,0.14,,,,EN_TRANSITO,BAJA
TRK-21A94F6D,Neuquén,La Plata,5.25,43,26,18,INICIADO,MEDIA
TRK-4DF7DD1A,Córdoba,Rosario,18.62,97,54,48,INICIADO,ALTA
TRK-36F689A2,Rosario,Mar del Plata,5.63,40,29,27,EN_TRANSITO,MEDIA
TRK-70B56BDA,Neuquén,Mar del Plata,19.75,102,57,58,INICIADO,ALTA
TRK-99BA06B4,Salta,Córdoba,9.09,42,22,21,EN_TRANSITO,MEDIA
TRK-038B8AA5,Salta,Córdoba,5.74,33,38,20,INICIADO,MEDIA
TRK-FE0A300B,Rosario,La Plata,1.11,22,10,7,INICIADO,BAJA
TRK-2305999A,Tucumán,Neuquén,1.6,21,13,13,EN_TRANSITO,BAJA
TRK-FDA9E068,CABA,Mar del Plata,9.95,50,26,20,EN_TRANSITO,MEDIA
TRK-7B33C2CC,Mendoza,Rosario,12.66,119,54,46,INICIADO,ALTA
TRK-3E020A90,Rosario,Mar del Plata,0.83,24,11,12,INICIADO,BAJA
TRK-AFAC33A0,Rosario,La Plata,0.32,,,,INICIADO,BAJA
TRK-F05D2C78,Rosario,Mendoza,1.81,22,15,10,INICIADO,BAJA
TRK-6E62F847,Mendoza,Córdoba,32.43,101,69,46,INICIADO,ALTA
TRK-DD237FDB,La Plata,Salta,2.17,18,18,15,INICIADO,BAJA
TRK-CB5B8E1B,CABA,Córdoba,1.69,28,14,9,INICIADO,BAJA
TRK-80E01E14,Mar del Plata,Neuquén,0.36,,,,EN_TRANSITO,BAJA
TRK-E866A839,Rosario,Salta,18.63,101,47,44,EN_TRANSITO,ALTA
TRK-7AFA25CA,Salta,Tucumán,2.98,18,10,12,EN_TRANSITO,BAJA
TRK-7517CF9B,Mar del Plata,Tucumán,2.57,29,12,9,EN_TRANSITO,BAJA
TRK-7E8C08BE,Córdoba,Neuquén,1.68,24,16,6,EN_TRANSITO,BAJA
TRK-E44B8048,La Plata,Neuquén,2.38,28,13,15,EN_TRANSITO,BAJA
TRK-546B735D,Salta,Neuquén,18.22,109,66,31,INICIADO,ALTA
TRK-DA096808,La Plata,Mendoza,29.14,98,42,55,EN_TRANSITO,ALTA
TRK-2B95662E,La Plata,CABA,2.97,15,19,11,INICIADO,BAJA
TRK-CCFCEE9F,Córdoba,Neuquén,0.41,,,,INICIADO,BAJA
TRK-865DB326,Mar del Plata,Córdoba,11.28,79,59,46,EN_TRANSITO,ALTA
TRK-39086DBD,Neuquén,Mendoza,0.7,25,19,9,EN_TRANSITO,BAJA
TRK-A740EFB9,Salta,Rosario,0.33,,,,INICIADO,BAJA
TRK-A8E7AB26,Rosario,Mendoza,14.14,84,75,56,EN_TRANSITO,ALTA
TRK-EC9F15F7,Neuquén,Córdoba,0.13,,,,EN_TRANSITO,BAJA
TRK-5973DD63,Tucumán,CABA,22.26,78,72,34,INICIADO,ALTA
TRK-79112E94,Tucumán,Neuquén,5.27,38,37,28,INICIADO,MEDIA
TRK-5A29533D,Mendoza,Rosario,4.01,38,29,27,EN_TRANSITO,BAJA
TRK-7D1B7E69,CABA,Mar del Plata,0.29,,,,EN_TRANSITO,BAJA
TRK-92314D71,CABA,Salta,9.26,49,34,24,EN_TRANSITO,MEDIA
TRK-47EF7EAE,Mar del Plata,Neuquén,8.18,32,28,18,INICIADO,MEDIA
TRK-20867526,La Plata,Salta,30.28,95,53,44,INICIADO,ALTA
TRK-C57139CE,Rosario,Tucumán,33.84,86,79,36,INICIADO,ALTA
TRK-32B35AEA,Salta,CABA,2.12,23,20,6,EN_TRANSITO,BAJA
TRK-BAC408D5,Tucumán,CABA,16.52,115,50,47,EN_TRANSITO,ALTA
TRK-665FF572,Córdoba,Mendoza,0.48,,,,INICIADO,BAJA
TRK-9EDB5706,Tucumán,Rosario,11.0,103,51,36,EN_TRANSITO,ALTA
TRK-8D517813,Mar del Plata,Córdoba,4.06,44,23,17,INICIADO,BAJA
TRK-004C73FB,Córdoba,Neuquén,0.25,,,,INICIADO,BAJA
TRK-D1431532,La Plata,Salta,1.24,30,18,5,EN_TRANSITO,BAJA
TRK-96133676,Tucumán,Mar del Plata,30.71,54,74,47,INICIADO,ALTA
TRK-0B5C5449,Salta,Mendoza,2.35,18,17,15,INICIADO,BAJA
TRK-07776D45,La Plata,Neuquén,7.78,48,22,18,EN_TRANSITO,MEDIA
TRK-C2ACACB0,Córdoba,Tucumán,9.16,49,23,23,EN_TRANSITO,MEDIA
TRK-89860CC9,Mar del Plata,Rosario,21.92,92,47,37,INICIADO,ALTA
TRK-C66699C8,Tucumán,La Plata,2.64,15,14,9,INICIADO,BAJA
TRK-F4B89129,Rosario,La Plata,1.36,17,11,7,EN_TRANSITO,BAJA
TRK-A0C63B5B,CABA,Rosario,2.6,24,18,13,INICIADO,BAJA
TRK-728260CA,Mendoza,Salta,2.8,27,14,8,EN_TRANSITO,BAJA
TRK-33FA1BF8,Rosario,Córdoba,2.78,20,20,11,EN_TRANSITO,BAJA
TRK-D8D43A60,Tucumán,Salta,1.1,17,16,10,INICIADO,BAJA
TRK-7AAE5E2C,Mar del Plata,Salta,11.56,103,53,57,EN_TRANSITO,ALTA
TRK-A20BC51B,Mendoza,Salta,7.8,34,31,18,INICIADO,MEDIA
TRK-084D5055,Mar del Plata,Salta,24.29,99,59,38,EN_TRANSITO,ALTA
TRK-29E67446,Córdoba,Rosario,0.22,,,,EN_TRANSITO,BAJA
TRK-D98D103C,Córdoba,CABA,0.12,,,,INICIADO,BAJA
TRK-CEB625F9,Mar del Plata,Mendoza,2.1,29,18,8,EN_TRANSITO,BAJA
TRK-03B6455E,Salta,Mendoza,4.71,50,35,18,EN_TRANSITO,MEDIA
TRK-31EFAEBE,Mar del Plata,Mendoza,2.93,25,17,7,INICIADO,BAJA
TRK-A0C3447D,Salta,Mendoza,1.62,21,18,11,INICIADO,BAJA
TRK-CCEDFCBD,Tucumán,La Plata,20.66,72,41,32,EN_TRANSITO,ALTA
TRK-AFACD919,Rosario,Neuquén,0.3,,,,INICIADO,BAJA
TRK-DD7FCAD2,Rosario,CABA,0.19,,,,INICIADO,BAJA
TRK-2863FA94,Neuquén,Córdoba,3.52,38,38,19,EN_TRANSITO,BAJA
TRK-04BC04C8,Mar del Plata,CABA,10.57,100,70,43,EN_TRANSITO,ALTA
TRK-345EEBF8,Rosario,Mendoza,0.15,,,,EN_TRANSITO,BAJA
TRK-A42BE2C5,Rosario,CABA,34.27,96,78,55,INICIADO,ALTA
TRK-CE181935,Mar del Plata,Rosario,0.36,,,,EN_TRANSITO,BAJA
TRK-E172700A,Mar del Plata,Mendoza,5.04,32,34,28,EN_TRANSITO,MEDIA
TRK-57CCE89C,Mendoza,Neuquén,9.76,35,40,23,INICIADO,MEDIA
TRK-4C5371C1,Rosario,Mar del Plata,31.2,119,79,34,INICIADO,ALTA
TRK-9AFBC9F7,Salta,Mendoza,14.51,106,43,36,EN_TRANSITO,ALTA
TRK-CECA18A1,Mar del Plata,Neuquén,0.29,,,,EN_TRANSITO,BAJA
TRK-BEBCE241,Neuquén,Mar del Plata,15.29,117,56,60,INICIADO,ALTA
TRK-80D72299,Córdoba,CABA,6.79,39,39,18,EN_TRANSITO,MEDIA
TRK-D6348810,La Plata,Salta,0.9,28,12,10,INICIADO,BAJA
TRK-93F62A2E,Tucumán,Mar del Plata,0.3,,,,INICIADO,BAJA
TRK-1F7A0FA8,Tucumán,Mar del Plata,1.54,17,11,14,EN_TRANSITO,BAJA
TRK-3A205109,Córdoba,Tucumán,0.22,,,,INICIADO,BAJA
TRK-C330E098,Mar del Plata,La Plata,0.42,,,,INICIADO,BAJA
TRK-216E0167,Córdoba,CABA,2.33,19,13,15,INICIADO,BAJA
TRK-E35D2EE4,Mendoza,Rosario,0.4,,,,INICIADO,BAJA
TRK-70FF54E4,La Plata,Neuquén,19.01,80,77,51,EN_TRANSITO,ALTA
TRK-E38180A8,CABA,Rosario,2.26,26,13,12,EN_TRANSITO,BAJA
TRK-25375A9D,Rosario,Córdoba,2.41,24,14,8,INICIADO,BAJA
TRK-B38C6DD0,Tucumán,CABA,17.65,79,59,36,INICIADO,ALTA
TRK-25502F94,La Plata,Neuquén,23.86,79,69,44,INICIADO,ALTA
TRK-CB51C7E4,Córdoba,Mendoza,0.36,,,,INICIADO,BAJA
TRK-27FAC4D3,Mendoza,Mar del Plata,30.63,60,60,42,EN_TRANSITO,ALTA
TRK-33E6153B,Mendoza,Neuquén,0.46,,,,EN_TRANSITO,BAJA
TRK-C3C21EC5,Tucumán,Córdoba,24.65,52,60,56,INICIADO,ALTA
TRK-AF15DD5D,CABA,Salta,2.51,23,18,11,EN_TRANSITO,BAJA
TRK-08732EC3,Mendoza,CABA,0.43,,,,INICIADO,BAJA
TRK-2AF0C421,Mendoza,Salta,12.92,57,70,43,INICIADO,ALTA
TRK-DBC8EB28,Mar del Plata,CABA,0.11,,,,EN_TRANSITO,BAJA
TRK-18F2CB0B,CABA,La Plata,0.23,,,,INICIADO,BAJA
TRK-CCE4E8D1,CABA,Mendoza,2.13,23,10,12,INICIADO,BAJA
TRK-E1924AFC,CABA,Tucumán,11.98,60,44,44,EN_TRANSITO,ALTA
TRK-672AC594,Mendoza,Neuquén,13.28,67,63,55,EN_TRANSITO,ALTA
TRK-891B1C1B,La Plata,Neuquén,21.21,99,57,35,INICIADO,ALTA
TRK-2E1974F6,Rosario,Salta,34.04,87,53,37,EN_TRANSITO,ALTA
TRK-D85EB3DF,Neuquén,La Plata,20.33,109,44,59,INICIADO,ALTA
TRK-C9E55B5C,Mendoza,La Plata,20.47,59,68,46,EN_TRANSITO,ALTA
TRK-3C38FEB0,CABA,Mar del Plata,0.48,,,,EN_TRANSITO,BAJA
TRK-702DC857,Córdoba,Rosario,1.65,23,16,14,INICIADO,BAJA
TRK-288AEE88,Mendoza,La Plata,0.34,,,,INICIADO,BAJA
TRK-6A19DBF8,Neuquén,Mendoza,0.38,,,,INICIADO,BAJA
TRK-12048FA9,Mar del Plata,Córdoba,2.71,22,18,11,INICIADO,BAJA
TRK-59206F38,Mendoza,Córdoba,2.44,17,13,11,INICIADO,BAJA
TRK-2606AD52,CABA,Tucumán,9.15,35,24,24,EN_TRANSITO,MEDIA
TRK-0D443331,Tucumán,Salta,0.88,17,15,12,INICIADO,BAJA
TRK-4A160661,Córdoba,Mar del Plata,4.91,39,34,28,EN_TRANSITO,MEDIA
TRK-32A731BF,Rosario,Mar del Plata,7.29,39,30,18,EN_TRANSITO,MEDIA
TRK-04839F0B,La Plata,Córdoba,0.36,,,,INICIADO,BAJA
TRK-6028500C,CABA,Neuquén,6.49,34,30,23,INICIADO,MEDIA
TRK-C0D23536,Neuquén,Mendoza,2.26,30,18,11,INICIADO,BAJA
TRK-9B504312,Mar del Plata,Neuquén,1.68,19,13,5,EN_TRANSITO,BAJA
TRK-10B2C02B,La Plata,Salta,1.79,19,11,13,EN_TRANSITO,BAJA
TRK-C7C11AA2,Neuquén,Tucumán,0.38,,,,EN_TRANSITO,BAJA
TRK-67906328,Córdoba,CABA,8.65,39,33,18,EN_TRANSITO,MEDIA
TRK-317DA73A,La Plata,CABA,13.47,101,74,40,INICIADO,ALTA
TRK-2F65792C,La Plata,Rosario,1.08,20,12,10,INICIADO,BAJA
TRK-5AD47231,Salta,CABA,8.99,47,21,20,INICIADO,MEDIA
TRK-9566FED7,Tucumán,Mar del Plata,0.19,,,,EN_TRANSITO,BAJA
TRK-06435523,Mendoza,CABA,30.15,103,53,59,EN_TRANSITO,ALTA
TRK-5121DDA5,La Plata,Rosario,7.18,32,38,30,EN_TRANSITO,MEDIA
TRK-A1228746,CABA,Mendoza,5.55,34,23,28,INICIADO,MEDIA
TRK-DB3A8F4A,CABA,Mendoza,2.71,19,13,8,INICIADO,BAJA
TRK-B72DC2F5,La Plata,Tucumán,8.35,35,27,21,INICIADO,MEDIA
TRK-49546DF0,Córdoba,CABA,7.27,32,25,29,INICIADO,MEDIA
TRK-9E11260A,Mar del Plata,La Plata,14.9,70,64,37,EN_TRANSITO,ALTA
TRK-26DA0084,Neuquén,Mar del Plata,9.26,40,29,18,INICIADO,MEDIA
TRK-60738DAF,Neuquén,Córdoba,4.31,47,28,25,INICIADO,MEDIA
TRK-154E9909,CABA,Rosario,9.54,40,23,21,INICIADO,MEDIA
TRK-A41BA0A1,Salta,Mendoza,8.48,47,27,27,INICIADO,MEDIA
TRK-5F9D65ED,CABA,Córdoba,21.12,67,47,57,EN_TRANSITO,ALTA
TRK-29C29061,Neuquén,Salta,20.14,72,60,38,INICIADO,ALTA
TRK-615E14E3,Mendoza,CABA,3.7,33,31,25,INICIADO,BAJA
TRK-A45EDE2F,Mar del Plata,Córdoba,0.96,30,17,12,INICIADO,BAJA
TRK-C9AE5B24,Mar del Plata,CABA,11.42,78,45,59,EN_TRANSITO,ALTA
TRK-D417D9AD,Neuquén,Salta,0.71,27,10,6,EN_TRANSITO,BAJA
TRK-8DAFD298,CABA,Tucumán,0.4,,,,INICIADO,BAJA
TRK-5E6FF61E,Mar del Plata,CABA,9.86,38,29,17,EN_TRANSITO,MEDIA
TRK-55666284,Mendoza,Salta,0.86,22,17,5,INICIADO,BAJA
TRK-5B5B9CA6,Rosario,Mar del Plata,8.74,36,40,23,INICIADO,MEDIA
TRK-1D5A7988,Rosario,Mar del Plata,1.46,16,18,15,INICIADO,BAJA
TRK-E2CC9EF8,Salta,La Plata,2.39,22,14,8,EN_TRANSITO,BAJA
TRK-BA9EABE9,Mendoza,Mar del Plata,30.83,73,65,43,EN_TRANSITO,ALTA
TRK-295966DD,Córdoba,Salta,8.83,38,23,21,EN_TRANSITO,MEDIA
TRK-78E873E8,Mar del Plata,Tucumán,15.36,95,63,54,INICIADO,ALTA
TRK-FA67E182,Rosario,Neuquén,1.82,22,20,13,EN_TRANSITO,BAJA
TRK-16FB9FC9,Tucumán,Córdoba,0.4,,,,INICIADO,BAJA
TRK-B4645D45,Tucumán,Córdoba,0.8,16,13,15,EN_TRANSITO,BAJA
TRK-9FDB2ED9,Mar del Plata,CABA,0.79,29,15,5,EN_TRANSITO,BAJA
TRK-AF28229C,Mendoza,Córdoba,16.54,54,53,39,INICIADO,ALTA
TRK-E0B698B9,CABA,Rosario,0.33,,,,EN_TRANSITO,BAJA
TRK-96CDAD3F,Rosario,CABA,16.02,86,66,41,EN_TRANSITO,ALTA
TRK-7C73F4E1,Neuquén,Rosario,3.35,34,40,29,INICIADO,MEDIA
TRK-FA95B343,Mendoza,La Plata,2.27,22,14,7,INICIADO,BAJA
TRK-C82005A7,Córdoba,Mendoza,0.46,,,,EN_TRANSITO,BAJA
TRK-94C259E4,Córdoba,CABA,0.42,,,,EN_TRANSITO,BAJA
TRK-B344B350,Córdoba,Mendoza,2.86,26,18,6,EN_TRANSITO,BAJA
TRK-F7BCA4A5,Tucumán,Salta,0.92,30,18,6,INICIADO,BAJA
TRK-8ABB2B70,Salta,CABA,1.29,21,13,10,INICIADO,BAJA
TRK-04B7F7EF,CABA,Neuquén,2.38,15,11,5,INICIADO,BAJA
TRK-D9718A33,Córdoba,Mar del Plata,0.75,24,18,10,INICIADO,BAJA
TRK-0A137DC9,CABA,Neuquén,9.52,48,25,20,EN_TRANSITO,MEDIA
TRK-03C068CD,Mar del Plata,CABA,2.19,25,18,14,INICIADO,BAJA
TRK-B874E052,CABA,Rosario,7.52,33,28,25,INICIADO,MEDIA
TRK-3F2ABAEE,Mar del Plata,Neuquén,0.63,26,17,15,INICIADO,BAJA
TRK-AEABAE9A,CABA,La Plata,7.42,37,35,21,INICIADO,MEDIA
TRK-9AFC1D44,Rosario,Mar del Plata,5.44,31,33,21,EN_TRANSITO,MEDIA
TRK-3ADEEB5E,Córdoba,Tucumán,20.13,72,48,39,EN_TRANSITO,ALTA
TRK-71D3AF36,Tucumán,La Plata,9.61,47,38,21,INICIADO,MEDIA
TRK-A6112B55,Tucumán,CABA,24.97,55,69,39,INICIADO,ALTA
TRK-33566B5E,CABA,Neuquén,2.77,26,13,6,INICIADO,BAJA
TRK-66829ABD,Mendoza,Neuquén,0.14,,,,INICIADO,BAJA
TRK-0EEDAAE1,La Plata,CABA,7.21,43,24,29,INICIADO,MEDIA
TRK-71F457F5,Mendoza,Tucumán,3.32,37,33,24,INICIADO,BAJA
TRK-D5DE871A,CABA,Córdoba,6.24,38,27,29,INICIADO,MEDIA
TRK-64E553DA,Córdoba,Tucumán,0.41,,,,EN_TRANSITO,BAJA
TRK-26436A64,Mendoza,Córdoba,2.92,30,12,8,EN_TRANSITO,BAJA
TRK-83DFECBB,Mar del Plata,CABA,8.85,34,29,28,INICIADO,MEDIA
TRK-FEC52BE4,Neuquén,Mar del Plata,9.97,32,24,28,EN_TRANSITO,MEDIA
TRK-759C790F,La Plata,Rosario,34.8,76,53,51,EN_TRANSITO,ALTA
TRK-34D7245C,Mendoza,Córdoba,11.68,62,52,31,EN_TRANSITO,MEDIA
TRK-F7BC0F87,Mendoza,Tucumán,0.38,,,,EN_TRANSITO,BAJA
TRK-FA026789,Mar del Plata,Salta,0.17,,,,EN_TRANSITO,BAJA
TRK-0BF9C6CE,Neuquén,Mendoza,0.71,20,20,14,EN_TRANSITO,BAJA
TRK-D1ADA029,CABA,Mar del Plata,32.3,69,65,50,EN_TRANSITO,ALTA
TRK-B6708498,Córdoba,CABA,0.46,,,,EN_TRANSITO,BAJA
TRK-796115B8,La Plata,Rosario,0.48,,,,EN_TRANSITO,BAJA
TRK-826649A0,Mar del Plata,CABA,1.65,23,19,13,INICIADO,BAJA
TRK-DC11897C,Córdoba,Tucumán,1.71,19,18,8,EN_TRANSITO,BAJA
TRK-AC85504C,Mar del Plata,Salta,26.81,55,58,56,EN_TRANSITO,ALTA
TRK-41C1E0ED,Rosario,Córdoba,0.23,,,,EN_TRANSITO,BAJA
TRK-EF20B66A,CABA,Neuquén,0.39,,,,INICIADO,BAJA
TRK-81F0E9DB,Neuquén,Mendoza,0.39,,,,EN_TRANSITO,BAJA
TRK-3E6AF225,Tucumán,La Plata,27.93,98,54,38,EN_TRANSITO,ALTA
TRK-47645293,CABA,La Plata,29.8,117,52,34,INICIADO,ALTA
TRK-EBE5C5BF,La Plata,Mendoza,2.65,16,20,5,EN_TRANSITO,BAJA
TRK-91629405,Mar del Plata,Rosario,2.28,24,15,12,INICIADO,BAJA
TRK-C8CE1DC0,La Plata,Córdoba,4.75,34,35,17,EN_TRANSITO,BAJA
TRK-B5F987A0,Mar del Plata,CABA,0.12,,,,EN_TRANSITO,BAJA
TRK-72D580A7,Mendoza,Salta,5.85,34,36,21,EN_TRANSITO,MEDIA
TRK-F4D3D7DA,Córdoba,CABA,0.49,,,,EN_TRANSITO,BAJA
TRK-C7248580,Mendoza,Tucumán,20.52,75,63,39,INICIADO,ALTA
TRK-33D7ED6D,La Plata,Córdoba,0.21,,,,INICIADO,BAJA
TRK-C53C1153,Neuquén,Tucumán,2.57,25,16,7,INICIADO,BAJA
TRK-59D6FF35,Mendoza,Tucumán,8.94,37,24,27,EN_TRANSITO,MEDIA
TRK-86672E86,Mar del Plata,Mendoza,0.11,,,,INICIADO,BAJA
TRK-2DD350F4,Salta,Tucumán,2.65,29,10,15,INICIADO,BAJA
TRK-06AFC1F5,Salta,Mendoza,1.93,19,11,14,EN_TRANSITO,BAJA
TRK-B0FF5C7A,CABA,Córdoba,1.7,27,16,7,EN_TRANSITO,BAJA
TRK-F1E094F1,Córdoba,Mar del Plata,5.45,40,25,28,EN_TRANSITO,MEDIA
TRK-DBF735B4,Rosario,Salta,0.61,24,15,8,INICIADO,BAJA
TRK-544DA0E4,Tucumán,Mar del Plata,1.94,29,16,14,EN_TRANSITO,BAJA
TRK-C4200A05,Mendoza,Neuquén,8.69,45,27,20,INICIADO,MEDIA
TRK-F7272E98,Mar del Plata,Tucumán,24.45,78,55,54,INICIADO,ALTA
TRK-18C0FDEF,Neuquén,Tucumán,4.28,38,23,17,EN_TRANSITO,BAJA
TRK-DEF7BD73,Mendoza,CABA,19.31,101,61,51,INICIADO,ALTA
TRK-283E3765,Tucumán,Rosario,4.98,31,34,29,EN_TRANSITO,MEDIA
TRK-9A7C05AD,Rosario,La Plata,25.01,89,41,36,INICIADO,ALTA
TRK-FCC723EA,Mendoza,La Plata,27.29,101,58,37,EN_TRANSITO,ALTA
TRK-1B9A98D1,Rosario,CABA,6.9,39,40,23,INICIADO,MEDIA
TRK-159D328F,Neuquén,Mar del Plata,5.62,40,26,25,INICIADO,MEDIA
TRK-E55B8060,Mendoza,Salta,0.36,,,,EN_TRANSITO,BAJA
TRK-124AD12E,Mar del Plata,Córdoba,10.8,109,77,37,INICIADO,ALTA
TRK-1F5D19A2,Córdoba,Neuquén,12.57,86,55,42,INICIADO,ALTA
TRK-FCCD5ED8,Tucumán,Salta,7.86,33,22,26,EN_TRANSITO,MEDIA
TRK-9DAE88A7,La Plata,Mendoza,13.34,99,52,41,INICIADO,ALTA
TRK-999E483D,Mendoza,Rosario,2.79,20,12,14,INICIADO,BAJA
TRK-879E4298,Mendoza,Rosario,0.46,,,,INICIADO,BAJA
TRK-3999E038,La Plata,Mendoza,17.62,53,44,40,INICIADO,ALTA
TRK-CC21E6E6,Tucumán,Neuquén,11.5,65,66,53,EN_TRANSITO,ALTA
TRK-36C20AFC,Rosario,La Plata,1.37,29,18,13,INICIADO,BAJA
TRK-69ACB5FC,Neuquén,Córdoba,2.24,27,19,15,INICIADO,BAJA
TRK-456E0F40,Tucumán,CABA,19.17,59,75,33,EN_TRANSITO,ALTA
TRK-7A90AA63,La Plata,Mar del Plata,3.69,44,28,30,INICIADO,MEDIA
TRK-1DE24EA7,La Plata,Mar del Plata,7.37,39,22,19,EN_TRANSITO,MEDIA
TRK-AD3EFD2C,Neuquén,Rosario,29.67,108,55,40,INICIADO,ALTA
TRK-97D0A8E9,Salta,Rosario,6.91,44,30,20,EN_TRANSITO,MEDIA
TRK-C115C308,Mar del Plata,Córdoba,29.94,83,76,51,INICIADO,ALTA
TRK-1FEDB7DE,Salta,Rosario,4.84,40,28,18,INICIADO,BAJA
TRK-3C1E595A,Tucumán,Córdoba,0.12,,,,EN_TRANSITO,BAJA
TRK-B9BC9B89,Mar del Plata,Neuquén,32.52,55,72,60,INICIADO,ALTA
TRK-AE435FAF,Mendoza,Neuquén,23.07,87,76,59,INICIADO,ALTA
TRK-043CC441,Neuquén,CABA,9.38,46,35,28,INICIADO,MEDIA
TRK-DC7A3617,Tucumán,Mar del Plata,2.92,17,14,10,INICIADO,BAJA
TRK-478D0630,La Plata,CABA,3.12,48,25,16,EN_TRANSITO,BAJA
TRK-B65C8887,Rosario,Neuquén,30.53,60,64,51,EN_TRANSITO,ALTA
TRK-070BD7E6,Mar del Plata,Neuquén,8.78,48,22,19,EN_TRANSITO,MEDIA
TRK-D7255046,Rosario,Córdoba,0.49,,,,INICIADO,BAJA
TRK-C9EEDE07,Rosario,Tucumán,8.81,34,28,19,INICIADO,MEDIA
TRK-96D31FC1,Salta,Mar del Plata,22.53,88,41,52,EN_TRANSITO,ALTA
TRK-DC9C846D,Córdoba,La Plata,7.02,32,40,16,INICIADO,MEDIA
TRK-340403BC,Neuquén,Mendoza,2.33,20,15,12,INICIADO,BAJA
TRK-D40B68EC,Salta,CABA,8.27,35,38,20,EN_TRANSITO,MEDIA
TRK-5AE9E44D,Tucumán,Mar del Plata,2.01,27,13,8,INICIADO,BAJA
TRK-805FF517,CABA,La Plata,0.4,,,,EN_TRANSITO,BAJA
TRK-02CB3844,Mar del Plata,CABA,31.2,86,61,38,INICIADO,ALTA
TRK-D980F25C,CABA,Tucumán,1.88,23,15,15,EN_TRANSITO,BAJA
TRK-5C7E24CA,Córdoba,Mendoza,0.43,,,,EN_TRANSITO,BAJA
TRK-99890EB2,La Plata,CABA,6.16,35,33,23,INICIADO,MEDIA
TRK-06BDBD7B,Córdoba,Mendoza,8.06,47,23,24,INICIADO,MEDIA
TRK-FE57708E,CABA,Tucumán,17.5,107,48,53,EN_TRANSITO,ALTA
TRK-B98F37B5,Mendoza,Rosario,5.62,31,27,17,EN_TRANSITO,MEDIA
TRK-745D90AB,Córdoba,Mar del Plata,6.84,33,23,25,EN_TRANSITO,MEDIA
TRK-0FA5146D,Tucumán,Rosario,0.28,,,,EN_TRANSITO,BAJA
TRK-75153664,Salta,Neuquén,18.84,74,59,41,INICIADO,ALTA
TRK-E25F42FB,Mendoza,La Plata,28.44,89,46,41,EN_TRANSITO,ALTA
TRK-2942B028,Córdoba,Rosario,18.11,120,41,40,INICIADO,ALTA
TRK-1A00C9D3,Córdoba,La Plata,0.13,,,,INICIADO,BAJA
TRK-E44C2A23,Neuquén,Rosario,0.9,28,13,5,INICIADO,BAJA
TRK-DFCE33E3,Salta,La Plata,0.2,,,,EN_TRANSITO,BAJA
TRK-BFF519C2,Neuquén,Salta,1.28,25,14,11,INICIADO,BAJA
TRK-99927DB7,Córdoba,CABA,0.21,,,,INICIADO,BAJA
TRK-07DB4254,Salta,Mendoza,0.27,,,,INICIADO,BAJA
TRK-DA9FA30E,Mar del Plata,Mendoza,13.2,100,52,53,INICIADO,ALTA
TRK-9C9B3975,Mar del Plata,Tucumán,20.73,84,57,58,EN_TRANSITO,ALTA
TRK-1E17B5DF,CABA,Córdoba,3.97,39,28,17,INICIADO,BAJA
TRK-D9A17B42,Mendoza,Rosario,8.2,42,22,19,INICIADO,MEDIA
TRK-7ED2DB94,Mar del Plata,Salta,2.62,22,19,7,EN_TRANSITO,BAJA
TRK-3932D1D7,La Plata,Mendoza,1.24,21,14,12,EN_TRANSITO,BAJA
TRK-3522E39E,Salta,Rosario,9.03,46,26,25,EN_TRANSITO,MEDIA
TRK-3601E900,Tucumán,Mar del Plata,0.23,,,,EN_TRANSITO,BAJA
TRK-89A0ADBA,Mendoza,Salta,0.31,,,,INICIADO,BAJA
TRK-E0455AE9,Mar del Plata,Córdoba,7.68,33,27,21,EN_TRANSITO,MEDIA
TRK-8CF03F95,Tucumán,Salta,19.59,104,45,44,INICIADO,ALTA
TRK-1089433E,Mar del Plata,CABA,2.7,16,19,15,EN_TRANSITO,BAJA
TRK-52D996DC,CABA,La Plata,0.34,,,,EN_TRANSITO,BAJA
TRK-74929025,CABA,La Plata,3.99,44,36,30,EN_TRANSITO,MEDIA
TRK-FB046FE8,Tucumán,CABA,21.8,79,67,45,INICIADO,ALTA
TRK-FB671689,Tucumán,Mar del Plata,0.49,,,,INICIADO,BAJA
TRK-5240C1A6,CABA,Córdoba,0.23,,,,INICIADO,BAJA
TRK-6E2783DC,Mendoza,Salta,0.45,,,,EN_TRANSITO,BAJA
TRK-EB8E0852,La Plata,Salta,3.82,36,26,25,EN_TRANSITO,BAJA
TRK-1EFD18C7,Neuquén,Mendoza,27.15,87,41,35,EN_TRANSITO,ALTA
TRK-234023B1,La Plata,Salta,0.67,21,19,11,EN_TRANSITO,BAJA
TRK-5873C5A5,CABA,Salta,0.3,,,,INICIADO,BAJA
TRK-5AE65E86,Tucumán,Salta,24.51,118,72,33,EN_TRANSITO,ALTA
TRK-4DA48946,La Plata,Salta,0.14,,,,EN_TRANSITO,BAJA
TRK-BD608426,Mendoza,Salta,2.92,19,10,15,EN_TRANSITO,BAJA
TRK-F639F364,Salta,Rosario,21.58,106,62,51,EN_TRANSITO,ALTA
TRK-86CC52A5,CABA,Salta,0.49,,,,INICIADO,BAJA
TRK-057417E8,Mendoza,Tucumán,17.89,119,71,32,INICIADO,ALTA
TRK-68C592FE,Neuquén,Mar del Plata,0.83,24,18,14,EN_TRANSITO,BAJA
TRK-593D7A30,Neuquén,La Plata,6.59,33,33,20,INICIADO,MEDIA
TRK-A7A0D8DD,Neuquén,Tucumán,2.67,16,19,12,INICIADO,BAJA
TRK-3F0AD4EC,Mendoza,Salta,2.83,20,10,14,INICIADO,BAJA
TRK-A88D6F97,Córdoba,Rosario,0.29,,,,EN_TRANSITO,BAJA
TRK-BA32CBEB,Neuquén,Mar del Plata,7.23,32,28,20,EN_TRANSITO,MEDIA
TRK-52D4D083,La Plata,CABA,0.41,,,,EN_TRANSITO,BAJA
TRK-7DA7E423,Neuquén,La Plata,4.83,35,37,27,INICIADO,MEDIA
TRK-797BB41F,Neuquén,Mar del Plata,24.1,114,48,35,EN_TRANSITO,ALTA
TRK-D8764756,Rosario,Córdoba,2.44,23,10,14,INICIADO,BAJA
TRK-9F7F006D,Córdoba,CABA,1.74,30,20,7,EN_TRANSITO,BAJA
TRK-B6AF1863,La Plata,Rosario,7.41,39,37,18,INICIADO,MEDIA
TRK-ED6B8622,La Plata,Tucumán,0.28,,,,INICIADO,BAJA
TRK-1008D82F,CABA,Tucumán,0.31,,,,INICIADO,BAJA
TRK-90A4322F,Córdoba,CABA,0.33,,,,EN_TRANSITO,BAJA
TRK-99A67B1B,Salta,Mendoza,8.26,42,24,19,EN_TRANSITO,MEDIA
TRK-7F8AE5F2,Neuquén,Córdoba,0.48,,,,INICIADO,BAJA
TRK-6AE9EFDA,Córdoba,Rosario,10.81,54,52,49,INICIADO,ALTA
TRK-44BFCB4D,Córdoba,Mendoza,0.12,,,,INICIADO,BAJA
TRK-549F569B,Rosario,Neuquén,28.88,96,54,44,INICIADO,ALTA
TRK-AD15975B,Córdoba,La Plata,0.37,,,,EN_TRANSITO,BAJA
TRK-623E912D,Rosario,CABA,4.25,48,28,21,EN_TRANSITO,BAJA
TRK-102F53CA,Córdoba,Mar del Plata,1.46,24,10,5,INICIADO,BAJA
TRK-EA5035F0,Córdoba,Salta,26.64,94,61,41,EN_TRANSITO,ALTA
TRK-342D78D7,Tucumán,Córdoba,0.2,,,,EN_TRANSITO,BAJA
TRK-83638575,Tucumán,Córdoba,2.84,30,12,10,INICIADO,BAJA
TRK-CF5C843D,Mendoza,Neuquén,3.83,39,23,22,EN_TRANSITO,BAJA
TRK-51FD3033,Salta,Mendoza,2.81,23,14,7,INICIADO,BAJA
TRK-5AA28338,Mendoza,Neuquén,2.31,21,14,10,INICIADO,BAJA
TRK-3CC177D2,CABA,Córdoba,3.75,32,26,30,INICIADO,BAJA
TRK-2B8D0883,Mendoza,Tucumán,1.89,21,20,8,EN_TRANSITO,BAJA
TRK-E26F2C1B,Neuquén,La Plata,8.48,38,28,23,EN_TRANSITO,MEDIA
TRK-9809DB7C,Tucumán,Neuquén,0.35,,,,EN_TRANSITO,BAJA
TRK-78EF5B60,Tucumán,La Plata,7.68,31,30,30,EN_TRANSITO,MEDIA
TRK-7EDCC74E,Tucumán,Salta,0.32,,,,INICIADO,BAJA
TRK-C4087B23,Mar del Plata,CABA,0.32,,,,EN_TRANSITO,BAJA
TRK-980FE897,Rosario,CABA,6.91,40,28,18,EN_TRANSITO,MEDIA
TRK-4083E45B,CABA,Córdoba,1.83,19,12,6,INICIADO,BAJA
TRK-2EC174CD,La Plata,Salta,0.35,,,,INICIADO,BAJA
TRK-4B1EE17B,Tucumán,Rosario,0.83,26,20,13,EN_TRANSITO,BAJA
TRK-C88005A7,Neuquén,La Plata,14.34,93,59,49,INICIADO,ALTA
TRK-23EE719A,Salta,CABA,2.64,18,19,12,EN_TRANSITO,BAJA
TRK-1FA543C2,Córdoba,CABA,0.4,,,,INICIADO,BAJA
TRK-2D542B2E,CABA,La Plata,0.34,,,,INICIADO,BAJA
TRK-212957C5,Neuquén,La Plata,8.46,31,31,19,INICIADO,MEDIA
TRK-760D1697,CABA,Salta,25.98,109,80,39,EN_TRANSITO,ALTA
TRK-4FB388AC,Neuquén,Mar del Plata,0.25,,,,INICIADO,BAJA
TRK-C5FE9E2F,Mendoza,La Plata,0.2,,,,EN_TRANSITO,BAJA
TRK-5DBB8E30,Córdoba,Mar del Plata,1.53,19,19,13,EN_TRANSITO,BAJA
TRK-E50FD60A,Neuquén,La Plata,5.64,36,36,19,EN_TRANSITO,MEDIA
TRK-B457C041,Mar del Plata,Rosario,9.15,42,39,26,EN_TRANSITO,MEDIA
TRK-FC2451C5,CABA,Córdoba,1.17,19,13,10,EN_TRANSITO,BAJA
TRK-33916503,Salta,Rosario,1.87,22,13,15,EN_TRANSITO,BAJA
TRK-1E918803,Rosario,Neuquén,0.62,20,10,14,INICIADO,BAJA
TRK-7A5A81F3,Rosario,Tucumán,1.88,16,19,11,EN_TRANSITO,BAJA
TRK-4BBB2503,Mar del Plata,Mendoza,0.96,22,14,8,INICIADO,BAJA
TRK-9DBF0D06,Salta,Tucumán,26.12,115,47,50,EN_TRANSITO,ALTA
TRK-819CF5F6,CABA,La Plata,19.23,51,41,36,INICIADO,ALTA
TRK-0BD7BC0D,Neuquén,Mendoza,1.69,22,14,15,EN_TRANSITO,BAJA
TRK-9DD5C3E8,La Plata,Tucumán,0.1,,,,INICIADO,BAJA
TRK-F43D3F70,Rosario,La Plata,7.25,50,40,21,INICIADO,MEDIA
TRK-1EE03D1D,Mar del Plata,Córdoba,2.09,26,12,10,INICIADO,BAJA
TRK-F92CA46A,La Plata,Mendoza,4.43,37,31,25,INICIADO,BAJA
TRK-50D9A059,Rosario,Neuquén,8.18,43,23,22,INICIADO,MEDIA
TRK-15874A0B,Neuquén,Mendoza,31.51,118,69,42,INICIADO,ALTA
TRK-55DC3355,La Plata,Rosario,0.84,17,10,13,EN_TRANSITO,BAJA
TRK-17BFAB27,Neuquén,CABA,0.2,,,,INICIADO,BAJA
TRK-D67DBD0B,CABA,Salta,25.34,58,56,35,INICIADO,ALTA
TRK-28513022,Salta,La Plata,28.92,87,66,49,INICIADO,ALTA
TRK-A3A27298,Mendoza,CABA,33.93,100,41,34,EN_TRANSITO,ALTA
TRK-7104924C,La Plata,Salta,3.61,38,21,23,INICIADO,BAJA
TRK-E4ECEAA9,Mendoza,CABA,6.91,50,33,20,INICIADO,MEDIA
TRK-363A8900,Mar del Plata,Tucumán,32.43,105,42,57,INICIADO,ALTA
TRK-573A4BFA,Mendoza,Tucumán,6.27,45,26,24,EN_TRANSITO,MEDIA
TRK-C0444B64,La Plata,Mendoza,1.65,22,15,8,INICIADO,BAJA
TRK-D1DF65B7,Neuquén,La Plata,16.99,62,54,49,EN_TRANSITO,ALTA
TRK-FEB1CC88,Mar del Plata,La Plata,2.82,23,18,11,EN_TRANSITO,BAJA
TRK-AC1A9D55,CABA,Córdoba,0.4,,,,EN_TRANSITO,BAJA
TRK-818C4469,La Plata,Mendoza,7.33,38,27,17,INICIADO,MEDIA
TRK-2BE51946,La Plata,Córdoba,4.34,50,29,19,EN_TRANSITO,BAJA
TRK-F68B8C88,CABA,Salta,0.34,,,,EN_TRANSITO,BAJA
TRK-1D8DA4AD,Rosario,Neuquén,9.48,50,40,26,EN_TRANSITO,MEDIA
TRK-D8E04A67,Mendoza,CABA,1.24,20,15,5,INICIADO,BAJA
TRK-82B9A003,Córdoba,Mendoza,0.3,,,,EN_TRANSITO,BAJA
TRK-03CB4456,Salta,Mar del Plata,5.3,48,27,25,EN_TRANSITO,MEDIA
TRK-F832245D,Mendoza,CABA,24.02,78,63,53,EN_TRANSITO,ALTA
TRK-A2E1FABC,Córdoba,Salta,21.18,97,59,60,INICIADO,ALTA
TRK-ACB372C8,Mar del Plata,Córdoba,1.39,29,19,9,INICIADO,BAJA
TRK-53B59464,Córdoba,Salta,2.37,25,17,7,EN_TRANSITO,BAJA
TRK-5000C656,Tucumán,La Plata,4.15,32,36,19,EN_TRANSITO,BAJA
TRK-FCC74EA6,Mendoza,La Plata,4.33,37,31,25,INICIADO,BAJA
TRK-E4E5DBE8,Mar del Plata,Mendoza,1.29,28,11,10,EN_TRANSITO,BAJA
TRK-1E1DF1BB,Salta,Mendoza,2.18,26,11,12,EN_TRANSITO,BAJA
TRK-9E99AB47,Tucumán,Mendoza,0.35,,,,EN_TRANSITO,BAJA
TRK-3CCEB795,Rosario,Córdoba,0.31,,,,INICIADO,BAJA
TRK-8FADCBA9,Córdoba,Mar del Plata,24.24,65,42,40,INICIADO,ALTA
TRK-0F2E025E,La Plata,Neuquén,0.63,23,13,7,EN_TRANSITO,BAJA
TRK-E40A8456,Neuquén,Córdoba,2.22,21,12,11,EN_TRANSITO,BAJA
TRK-5BF031B9,Rosario,Salta,0.31,,,,EN_TRANSITO,BAJA
TRK-9E334103,Salta,Mar del Plata,26.45,91,56,43,INICIADO,ALTA
TRK-EE290D61,Mendoza,Salta,1.35,30,11,10,INICIADO,BAJA
TRK-77F6BCF3,Tucumán,Mendoza,1.2,17,19,14,EN_TRANSITO,BAJA
TRK-E0947DB8,Salta,Rosario,8.29,44,40,22,EN_TRANSITO,MEDIA
TRK-4C3B3C80,CABA,Mar del Plata,0.2,,,,EN_TRANSITO,BAJA
TRK-D217C164,Mendoza,Salta,23.82,80,42,33,EN_TRANSITO,ALTA
TRK-BF46AEFA,Mar del Plata,La Plata,0.38,,,,EN_TRANSITO,BAJA
TRK-504292D3,Córdoba,Mendoza,6.96,50,38,22,INICIADO,MEDIA
TRK-98F2ADA5,La Plata,CABA,0.26,,,,EN_TRANSITO,BAJA
TRK-DD5430F0,Salta,CABA,0.86,29,10,8,INICIADO,BAJA
TRK-E6C7B0A5,CABA,Mendoza,4.76,43,28,16,EN_TRANSITO,BAJA
TRK-5983BFD3,La Plata,Rosario,0.31,,,,EN_TRANSITO,BAJA
TRK-137F4B99,La Plata,Mendoza,1.45,30,15,14,EN_TRANSITO,BAJA
TRK-BF3FB7AD,La Plata,Tucumán,0.35,,,,INICIADO,BAJA
TRK-6334D0FB,Neuquén,Salta,9.39,34,33,29,INICIADO,MEDIA
TRK-FD27ABD4,Salta,Mendoza,34.72,74,80,56,EN_TRANSITO,ALTA
TRK-B017AD06,Mar del Plata,Rosario,0.16,,,,EN_TRANSITO,BAJA
TRK-85A30E87,Mendoza,Rosario,16.71,55,41,39,INICIADO,ALTA
TRK-51EFE387,Tucumán,Neuquén,10.53,52,75,39,INICIADO,ALTA
TRK-899F78DF,CABA,Mar del Plata,0.48,,,,INICIADO,BAJA
TRK-E6997479,Neuquén,CABA,3.19,41,35,19,EN_TRANSITO,BAJA
TRK-0798E266,Rosario,Mendoza,0.5,,,,INICIADO,BAJA
TRK-3D6E8C9F,La Plata,Tucumán,19.63,102,68,44,INICIADO,ALTA
TRK-5AD64BAC,Córdoba,Salta,26.51,67,80,41,EN_TRANSITO,ALTA
TRK-A89936C2,Córdoba,CABA,2.8,26,12,8,INICIADO,BAJA
TRK-06CFBA10,Salta,Neuquén,0.33,,,,INICIADO,BAJA
TRK-EBD51D87,Salta,CABA,5.12,32,33,28,INICIADO,MEDIA
TRK-ED465175,Mendoza,La Plata,9.56,37,39,17,INICIADO,MEDIA
TRK-D5D08345,La Plata,Rosario,21.9,89,67,32,EN_TRANSITO,ALTA
TRK-8C5685D1,Salta,Rosario,14.2,71,76,60,EN_TRANSITO,ALTA
TRK-7FEAFBF9,La Plata,Córdoba,9.3,41,37,26,EN_TRANSITO,MEDIA
TRK-83079BFE,CABA,Córdoba,14.91,111,73,32,EN_TRANSITO,ALTA
TRK-1C8D621A,La Plata,Mendoza,19.22,115,61,40,EN_TRANSITO,ALTA
TRK-DF08C2C8,La Plata,Tucumán,2.47,15,11,13,INICIADO,BAJA
TRK-0B0184B3,Córdoba,Tucumán,27.69,108,67,41,EN_TRANSITO,ALTA
TRK-071D7C47,La Plata,Mendoza,3.57,36,27,25,EN_TRANSITO,BAJA
TRK-C0C80ED2,Mar del Plata,CABA,0.27,,,,EN_TRANSITO,BAJA
TRK-0A709C48,CABA,Córdoba,30.6,109,75,47,EN_TRANSITO,ALTA
TRK-D85F8F64,Rosario,CABA,25.91,63,79,54,EN_TRANSITO,ALTA
TRK-49BACA5D,Neuquén,CABA,0.12,,,,EN_TRANSITO,BAJA
TRK-0129539F,CABA,Mendoza,13.56,51,57,38,INICIADO,ALTA
TRK-050EFCCD,CABA,Córdoba,14.91,61,73,48,INICIADO,ALTA
TRK-7746EB19,Mendoza,Córdoba,10.34,88,77,42,INICIADO,ALTA
TRK-AE590F70,Mar del Plata,La Plata,9.86,49,33,28,INICIADO,MEDIA
TRK-28E4502D,Neuquén,La Plata,23.18,66,62,52,EN_TRANSITO,ALTA
TRK-29093D79,Tucumán,Rosario,10.23,120,44,56,INICIADO,ALTA
TRK-E12798C0,Mendoza,Tucumán,0.3,,,,EN_TRANSITO,BAJA
TRK-E1F53836,Mar del Plata,Tucumán,7.79,46,39,29,INICIADO,MEDIA
TRK-8A9D9BC1,Rosario,Mendoza,15.87,62,73,40,INICIADO,ALTA
TRK-3E854EE5,Córdoba,Mendoza,2.31,22,11,13,EN_TRANSITO,BAJA
TRK-8B98F7E5,Salta,Mar del Plata,0.38,,,,INICIADO,BAJA
TRK-B7FE088C,CABA,Mar del Plata,22.48,84,75,52,EN_TRANSITO,ALTA
TRK-6FFD59C7,Neuquén,Mar del Plata,0.42,,,,EN_TRANSITO,BAJA
TRK-1908316E,Tucumán,Córdoba,1.5,27,17,11,EN_TRANSITO,BAJA
TRK-955CC041,Mar del Plata,CABA,9.13,48,24,16,EN_TRANSITO,MEDIA
TRK-796170DA,Salta,CABA,31.06,104,64,42,INICIADO,ALTA
TRK-B0ACCB71,Tucumán,Mar del Plata,1.65,16,11,10,EN_TRANSITO,BAJA
TRK-DA248DB5,Tucumán,Rosario,9.98,33,21,25,EN_TRANSITO,MEDIA
TRK-E20335BF,Mendoza,La Plata,0.76,16,10,11,EN_TRANSITO,BAJA
TRK-FD25A60E,Córdoba,Salta,32.46,109,56,51,INICIADO,ALTA
TRK-B1FAD39B,Mendoza,Mar del Plata,8.0,50,25,26,INICIADO,MEDIA
TRK-58A9E322,Rosario,La Plata,7.53,38,30,16,INICIADO,MEDIA
TRK-B8FF54D7,Córdoba,Rosario,1.7,19,17,11,INICIADO,BAJA
TRK-159B6426,La Plata,Salta,5.13,46,38,19,INICIADO,MEDIA
TRK-0458B1EC,Mendoza,Mar del Plata,28.13,78,41,56,EN_TRANSITO,ALTA
TRK-D63421C3,Mendoza,Tucumán,2.43,30,12,15,INICIADO,BAJA
TRK-E1153AA1,Neuquén,Tucumán,1.52,20,15,6,EN_TRANSITO,BAJA
TRK-02983E2C,Neuquén,CABA,0.33,,,,EN_TRANSITO,BAJA
TRK-F884E0C3,Salta,Tucumán,2.12,17,11,7,EN_TRANSITO,BAJA
TRK-E81E326C,Rosario,Tucumán,0.29,,,,INICIADO,BAJA
TRK-C6768297,Neuquén,Mendoza,1.04,21,16,14,EN_TRANSITO,BAJA
TRK-266D0AC9,Salta,Córdoba,3.89,35,33,26,EN_TRANSITO,MEDIA
TRK-41BE1AFE,Salta,Rosario,0.28,,,,INICIADO,BAJA
TRK-BEFD5F1F,Córdoba,Mendoza,2.08,15,20,6,INICIADO,BAJA
TRK-DDED1BA7,CABA,Neuquén,27.0,77,65,59,INICIADO,ALTA
TRK-4979B843,CABA,Salta,5.21,48,28,18,INICIADO,MEDIA
TRK-DD07047B,CABA,Rosario,7.1,40,21,25,INICIADO,MEDIA
TRK-7577B191,CABA,Tucumán,0.6,18,20,14,EN_TRANSITO,BAJA
TRK-786B2EED,Mendoza,Córdoba,23.94,96,41,31,EN_TRANSITO,ALTA
TRK-5F593400,Córdoba,CABA,19.69,105,44,57,INICIADO,ALTA
TRK-3D9EFBAF,CABA,Mar del Plata,29.73,99,67,42,INICIADO,ALTA
TRK-EADDCF4B,Tucumán,Neuquén,13.8,113,61,56,INICIADO,ALTA
TRK-8778DC1F,La Plata,Salta,0.31,,,,INICIADO,BAJA
TRK-55C49282,Rosario,La Plata,2.81,15,13,11,EN_TRANSITO,BAJA
TRK-8F895304,Rosario,Salta,2.63,21,17,13,EN_TRANSITO,BAJA
TRK-0192CCDD,Neuquén,Tucumán,0.31,,,,INICIADO,BAJA
TRK-B194965D,Tucumán,Mar del Plata,8.67,38,35,17,EN_TRANSITO,MEDIA
TRK-0C4DBD47,CABA,Córdoba,0.37,,,,EN_TRANSITO,BAJA
TRK-BC23AD83,Mendoza,La Plata,8.87,49,38,24,EN_TRANSITO,MEDIA
TRK-AD3468DF,Mar del Plata,Salta,1.68,17,17,6,EN_TRANSITO,BAJA
TRK-F235D9DF,Córdoba,Tucumán,14.19,62,54,33,INICIADO,ALTA
TRK-E36C8A32,Tucumán,Rosario,1.11,23,15,12,INICIADO,BAJA
TRK-C06F2A3B,Neuquén,La Plata,0.38,,,,INICIADO,BAJA
TRK-635F686B,La Plata,Mendoza,2.72,28,11,13,EN_TRANSITO,BAJA
TRK-696C8C9D,Rosario,Tucumán,0.15,,,,INICIADO,BAJA
TRK-A1868B8B,Rosario,La Plata,1.71,15,18,6,INICIADO,BAJA
TRK-9FC4BCB5,Salta,Tucumán,2.87,20,10,13,EN_TRANSITO,BAJA
TRK-4F2FCDE4,Tucumán,Salta,0.5,,,,INICIADO,BAJA
TRK-5C82F7CF,Salta,Mendoza,30.17,99,71,38,EN_TRANSITO,ALTA
TRK-1000F622,La Plata,Mendoza,2.62,23,16,8,EN_TRANSITO,BAJA
TRK-C7C4359F,CABA,Rosario,18.77,54,58,58,EN_TRANSITO,ALTA
TRK-B4EDD104,Mendoza,Salta,13.24,113,61,41,INICIADO,ALTA
TRK-E6DA7060,Córdoba,CABA,4.5,42,38,20,EN_TRANSITO,MEDIA
TRK-72FDCF81,Neuquén,Tucumán,3.56,37,32,21,INICIADO,BAJA
TRK-E6E26C3A,Mendoza,Neuquén,5.92,33,34,24,EN_TRANSITO,MEDIA
TRK-5E74879F,Mendoza,Salta,0.74,19,13,7,INICIADO,BAJA
TRK-CA6C7037,CABA,Mar del Plata,0.75,17,18,12,EN_TRANSITO,BAJA
TRK-2CB228EE,Rosario,Córdoba,0.34,,,,INICIADO,BAJA
TRK-1142C502,La Plata,CABA,0.13,,,,EN_TRANSITO,BAJA
TRK-22E3C5C3,La Plata,Rosario,16.68,107,56,56,INICIADO,ALTA
TRK-CA1DCDD1,Neuquén,Córdoba,2.39,24,20,6,EN_TRANSITO,BAJA
TRK-4953F6F8,Salta,Mendoza,29.56,82,62,52,INICIADO,ALTA
TRK-8A176640,Córdoba,Salta,0.3,,,,EN_TRANSITO,BAJA
TRK-019F8E7A,Córdoba,CABA,0.19,,,,EN_TRANSITO,BAJA
TRK-8DAC1356,Neuquén,Salta,31.81,72,54,39,INICIADO,ALTA
TRK-5551B2D1,Tucumán,Mar del Plata,5.13,33,39,18,EN_TRANSITO,MEDIA
TRK-930CEBDC,CABA,La Plata,0.15,,,,INICIADO,BAJA
TRK-4AEA71BF,Neuquén,CABA,26.63,119,54,43,EN_TRANSITO,ALTA
TRK-088C47BF,Tucumán,Neuquén,10.61,82,52,37,INICIADO,ALTA
TRK-1822E7CE,Tucumán,Neuquén,6.05,42,40,28,EN_TRANSITO,MEDIA
TRK-4C75BB8C,Mendoza,Salta,0.12,,,,INICIADO,BAJA
TRK-8534EB90,CABA,La Plata,0.49,,,,INICIADO,BAJA
TRK-CF711CCA,Mar del Plata,CABA,3.97,45,31,21,INICIADO,BAJA
TRK-F092E5FD,Mar del Plata,Rosario,0.4,,,,EN_TRANSITO,BAJA
TRK-F4A2DFA0,Córdoba,Mendoza,6.01,34,21,17,EN_TRANSITO,MEDIA
TRK-DE1A1595,Córdoba,Salta,3.75,46,32,24,INICIADO,MEDIA
TRK-419EE042,La Plata,Salta,9.26,37,33,18,INICIADO,MEDIA
TRK-A8462607,Mar del Plata,Córdoba,25.56,51,74,49,INICIADO,ALTA
TRK-B9DCEFC4,Rosario,Córdoba,9.35,38,24,16,EN_TRANSITO,MEDIA
TRK-A5772678,Salta,CABA,21.03,112,51,54,EN_TRANSITO,ALTA
TRK-A3E9FDF6,La Plata,Rosario,0.39,,,,EN_TRANSITO,BAJA
TRK-9FD93F6F,Rosario,Neuquén,20.3,104,50,51,EN_TRANSITO,ALTA
TRK-BF17E606,Mendoza,La Plata,21.73,71,62,49,INICIADO,ALTA
TRK-38F8E96E,Mar del Plata,Rosario,2.24,30,10,9,INICIADO,BAJA
TRK-FD03EB9D,Mar del Plata,Neuquén,26.38,79,64,38,EN_TRANSITO,ALTA
TRK-27960D18,CABA,Tucumán,0.47,,,,INICIADO,BAJA
TRK-05E1FBC0,Mar del Plata,La Plata,2.14,22,20,15,EN_TRANSITO,BAJA
TRK-E1BEF267,La Plata,Rosario,1.13,22,20,15,INICIADO,BAJA
TRK-D64522CF,CABA,Mendoza,1.11,16,11,13,EN_TRANSITO,BAJA
TRK-1222A12A,Córdoba,Mar del Plata,0.39,,,,INICIADO,BAJA
TRK-309072C6,Mar del Plata,La Plata,0.2,,,,EN_TRANSITO,BAJA
TRK-88519517,La Plata,Salta,0.36,,,,INICIADO,BAJA
TRK-39A23E05,Rosario,La Plata,4.59,46,22,18,EN_TRANSITO,BAJA
TRK-46D5A018,La Plata,Mar del Plata,0.38,,,,INICIADO,BAJA
TRK-3C50F184,Rosario,CABA,8.64,45,24,21,EN_TRANSITO,MEDIA
TRK-049E5F1A,Mendoza,Tucumán,1.52,18,15,15,INICIADO,BAJA
TRK-FE1168E2,Rosario,CABA,4.36,33,38,23,INICIADO,BAJA
TRK-0E244056,La Plata,CABA,32.61,115,74,32,EN_TRANSITO,ALTA
TRK-A38543A7,Neuquén,CABA,4.44,38,22,29,EN_TRANSITO,BAJA
TRK-DEC665A3,CABA,Mar del Plata,1.34,30,17,8,INICIADO,BAJA
TRK-39065111,CABA,Mar del Plata,0.42,,,,INICIADO,BAJA
TRK-31101882,Tucumán,Salta,1.86,28,19,12,INICIADO,BAJA
TRK-D8FDB227,Mar del Plata,CABA,5.84,39,37,20,EN_TRANSITO,MEDIA
TRK-B763A468,Córdoba,Mendoza,6.29,49,26,27,EN_TRANSITO,MEDIA
TRK-3CF44AED,CABA,La Plata,3.86,48,27,23,EN_TRANSITO,BAJA
TRK-842B0C3A,Salta,Mar del Plata,0.14,,,,EN_TRANSITO,BAJA
TRK-84D0C056,Mendoza,Neuquén,21.0,111,52,36,INICIADO,ALTA
TRK-4DF27038,La Plata,Mendoza,9.49,35,27,28,EN_TRANSITO,MEDIA
TRK-0E87887D,Tucumán,Mar del Plata,0.46,,,,EN_TRANSITO,BAJA
TRK-18F2DFD6,Tucumán,Salta,27.74,84,73,31,EN_TRANSITO,ALTA
TRK-79A11042,Córdoba,Tucumán,13.06,65,48,41,EN_TRANSITO,ALTA
TRK-0BDB4B11,CABA,Salta,7.15,40,23,17,INICIADO,MEDIA
TRK-D87F80F2,Mendoza,Salta,5.6,40,21,17,EN_TRANSITO,MEDIA
TRK-32CF890E,Tucumán,CABA,3.7,48,23,24,EN_TRANSITO,BAJA
TRK-A6C7A598,CABA,Rosario,10.57,53,56,40,EN_TRANSITO,ALTA
TRK-FE635375,Mar del Plata,Tucumán,1.57,27,14,8,INICIADO,BAJA
TRK-01A03676,Córdoba,Mendoza,6.67,50,33,26,EN_TRANSITO,MEDIA
TRK-73E38635,Mendoza,CABA,7.18,36,37,22,EN_TRANSITO,MEDIA
TRK-57B0A13F,Mendoza,Rosario,0.23,,,,EN_TRANSITO,BAJA
TRK-B29AF438,CABA,Neuquén,0.49,,,,EN_TRANSITO,BAJA
TRK-5B0441C2,Salta,CABA,1.42,29,17,11,EN_TRANSITO,BAJA
TRK-AD8025FA,La Plata,Mendoza,22.22,80,43,51,EN_TRANSITO,ALTA
TRK-AB113384,Salta,La Plata,1.43,21,17,9,EN_TRANSITO,BAJA
TRK-DC1430AB,Tucumán,Salta,21.73,83,64,32,INICIADO,ALTA
TRK-FEB1DC84,La Plata,Tucumán,0.23,,,,INICIADO,BAJA
TRK-9C7AF048,Salta,Mar del Plata,1.81,22,17,13,INICIADO,BAJA
TRK-F7D105DF,Córdoba,Tucumán,2.86,24,20,13,EN_TRANSITO,BAJA
TRK-5E0998DF,CABA,Córdoba,7.13,42,27,26,INICIADO,MEDIA
TRK-2D83EA07,Neuquén,Mendoza,2.72,16,10,15,INICIADO,BAJA
TRK-E3FBC943,CABA,Salta,7.82,48,30,30,EN_TRANSITO,MEDIA
TRK-D4478915,La Plata,Rosario,0.64,26,14,8,INICIADO,BAJA
TRK-698DDA62,CABA,Rosario,18.31,75,64,50,INICIADO,ALTA
TRK-20F7BBB3,CABA,Rosario,0.21,,,,INICIADO,BAJA
TRK-6F977885,La Plata,Rosario,33.52,116,58,45,INICIADO,ALTA
TRK-2012886B,La Plata,CABA,0.22,,,,EN_TRANSITO,BAJA
TRK-3A3519D4,Rosario,Tucumán,5.38,45,24,19,EN_TRANSITO,MEDIA
TRK-AAF61777,Rosario,Tucumán,1.56,16,17,11,INICIADO,BAJA
TRK-B4D6BF0F,La Plata,Mendoza,2.31,26,20,14,EN_TRANSITO,BAJA
TRK-6706CE86,La Plata,Tucumán,2.87,27,10,6,INICIADO,BAJA
TRK-B552F4F9,Neuquén,Salta,26.11,60,72,55,INICIADO,ALTA
TRK-9797C3F7,CABA,Neuquén,22.78,106,77,51,EN_TRANSITO,ALTA
TRK-C6B42576,Tucumán,Mar del Plata,0.36,,,,INICIADO,BAJA
TRK-EFB008CE,Mendoza,CABA,24.54,89,58,33,INICIADO,ALTA
TRK-8D9F91C3,Salta,Mendoza,0.32,,,,EN_TRANSITO,BAJA
TRK-47F26509,La Plata,CABA,0.22,,,,EN_TRANSITO,BAJA
TRK-0E1C8C36,Neuquén,Tucumán,6.16,37,30,28,INICIADO,MEDIA
TRK-ABBA0157,Rosario,Córdoba,2.51,29,20,11,INICIADO,BAJA
TRK-24A3F9EB,La Plata,Mar del Plata,20.7,109,55,57,EN_TRANSITO,ALTA
TRK-DBD72F08,Rosario,La Plata,0.33,,,,INICIADO,BAJA
TRK-A7275988,CABA,Mendoza,2.82,26,19,11,EN_TRANSITO,BAJA
TRK-F491409F,Mendoza,Rosario,0.12,,,,EN_TRANSITO,BAJA
TRK-DEF2BEB6,Rosario,Salta,1.06,24,19,14,EN_TRANSITO,BAJA
TRK-0C354B9B,Salta,CABA,0.99,19,16,13,EN_TRANSITO,BAJA
TRK-F055F308,Mar del Plata,Rosario,12.02,110,77,41,INICIADO,ALTA
TRK-67F16C2B,Rosario,Mendoza,30.58,86,49,51,INICIADO,ALTA
TRK-5AD6DDCF,Neuquén,La Plata,31.43,82,41,54,EN_TRANSITO,ALTA
TRK-50D2CCC5,Salta,Mar del Plata,0.44,,,,INICIADO,BAJA
TRK-71112F56,La Plata,Tucumán,8.11,43,35,24,EN_TRANSITO,MEDIA
TRK-AC3AEDB6,Salta,Mendoza,0.28,,,,INICIADO,BAJA
TRK-85C5DA83,Rosario,CABA,24.15,96,52,41,EN_TRANSITO,ALTA
TRK-2C5D068D,La Plata,Rosario,19.05,55,77,44,EN_TRANSITO,ALTA
TRK-0EF1BCA4,Mar del Plata,Rosario,17.17,108,69,57,INICIADO,ALTA
TRK-299341EF,Tucumán,Mar del Plata,6.4,48,28,29,EN_TRANSITO,MEDIA
TRK-84EA2CF8,Neuquén,Mar del Plata,3.72,43,38,28,INICIADO,MEDIA
TRK-A6C2A5D4,Rosario,Córdoba,4.0,45,40,18,INICIADO,MEDIA
TRK-553672CF,Córdoba,Neuquén,28.17,78,59,55,INICIADO,ALTA
TRK-A38094F7,Mendoza,Rosario,24.54,106,68,51,EN_TRANSITO,ALTA
TRK-72E7BBC2,La Plata,Tucumán,6.03,45,27,22,EN_TRANSITO,MEDIA
TRK-CA728239,La Plata,Rosario,31.39,66,41,60,EN_TRANSITO,ALTA
TRK-4B25DCFF,Rosario,CABA,2.99,18,18,7,EN_TRANSITO,BAJA
TRK-BD9989D9,Tucumán,Mendoza,12.58,89,62,38,INICIADO,ALTA
TRK-9EA33177,La Plata,CABA,0.21,,,,INICIADO,BAJA
TRK-F83D1040,Tucumán,Córdoba,11.11,92,54,58,INICIADO,ALTA
TRK-042F7F64,Salta,Rosario,3.96,44,32,24,EN_TRANSITO,MEDIA
TRK-66E1557B,CABA,Córdoba,8.46,43,31,22,EN_TRANSITO,MEDIA
TRK-5ED72FDF,La Plata,Córdoba,1.96,30,13,7,EN_TRANSITO,BAJA
TRK-884959E4,CABA,Rosario,30.1,54,62,40,INICIADO,ALTA
TRK-A5D8B7A0,Córdoba,Mar del Plata,1.27,15,18,6,INICIADO,BAJA
TRK-670052D9,Tucumán,Mendoza,2.3,29,19,11,INICIADO,BAJA
TRK-4AB4E0C3,Mendoza,Tucumán,3.42,37,28,26,INICIADO,BAJA
TRK-076E383C,La Plata,Tucumán,0.76,30,19,11,INICIADO,BAJA
TRK-406CDE94,Tucumán,Mendoza,0.33,,,,INICIADO,BAJA
TRK-D9CD9E50,CABA,La Plata,8.07,32,26,29,EN_TRANSITO,MEDIA
TRK-35B263DD,CABA,Córdoba,0.23,,,,INICIADO,BAJA
TRK-16A0EEDE,Mendoza,Rosario,32.54,83,50,48,INICIADO,ALTA
TRK-1FEBD2FF,La Plata,Neuquén,0.1,,,,INICIADO,BAJA
TRK-B5A11DE6,Salta,Neuquén,10.24,53,70,36,EN_TRANSITO,ALTA
TRK-49843E6C,Mendoza,Rosario,21.6,99,79,48,EN_TRANSITO,ALTA
TRK-866D127F,CABA,Córdoba,9.77,49,23,16,EN_TRANSITO,MEDIA
TRK-D4D3830A,Tucumán,La Plata,18.68,98,51,42,INICIADO,ALTA
TRK-6178BDE6,Neuquén,Salta,7.99,34,35,18,EN_TRANSITO,MEDIA
TRK-F3585626,Córdoba,Mendoza,1.81,21,19,14,INICIADO,BAJA
TRK-49552285,CABA,Rosario,15.58,101,79,60,INICIADO,ALTA
TRK-C4BEDE0D,Salta,Neuquén,21.42,80,66,59,INICIADO,ALTA
TRK-C2429C72,Mendoza,Salta,2.95,17,11,13,EN_TRANSITO,BAJA
TRK-1B8F93E9,Rosario,Salta,3.28,41,28,26,EN_TRANSITO,BAJA
TRK-A1D48311,Mendoza,Rosario,0.24,,,,EN_TRANSITO,BAJA
TRK-9B2A7A01,La Plata,Mar del Plata,11.01,62,42,49,EN_TRANSITO,ALTA
TRK-AE8046B7,Mendoza,Córdoba,33.45,99,62,35,EN_TRANSITO,ALTA
TRK-38CA7701,Mendoza,Rosario,4.26,48,30,26,EN_TRANSITO,MEDIA
TRK-907667EE,Mar del Plata,La Plata,0.27,,,,INICIADO,BAJA
TRK-F458F7F9,Rosario,Tucumán,1.05,27,10,12,INICIADO,BAJA
TRK-55AFD306,Córdoba,Neuquén,0.31,,,,INICIADO,BAJA
TRK-DA88286F,Mar del Plata,Rosario,0.43,,,,EN_TRANSITO,BAJA
TRK-319555C1,La Plata,Mar del Plata,27.78,77,48,56,EN_TRANSITO,ALTA
TRK-57F938F8,Mar del Plata,Tucumán,0.4,,,,INICIADO,BAJA
TRK-20120804,Salta,Mendoza,1.68,30,19,13,INICIADO,BAJA
TRK-AFC34A11,Córdoba,Mar del Plata,0.24,,,,INICIADO,BAJA
TRK-E2B0571E,CABA,Córdoba,1.67,20,15,10,EN_TRANSITO,BAJA
TRK-81000CDD,Salta,Córdoba,9.92,40,25,22,INICIADO,MEDIA
TRK-AD1175FD,La Plata,Rosario,0.46,,,,INICIADO,BAJA
TRK-B24699E4,Rosario,Mar del Plata,0.14,,,,EN_TRANSITO,BAJA
TRK-00BEA4D4,Tucumán,CABA,18.94,104,64,46,INICIADO,ALTA
TRK-9B629051,Neuquén,Córdoba,34.88,57,64,55,EN_TRANSITO,ALTA
TRK-6AA04D37,CABA,Mendoza,4.85,44,21,17,EN_TRANSITO,BAJA
TRK-3E1ACFCF,Córdoba,CABA,3.32,32,27,30,EN_TRANSITO,BAJA
TRK-3B318F36,La Plata,Neuquén,18.13,63,65,41,EN_TRANSITO,ALTA
TRK-CE9E9D54,CABA,Neuquén,0.34,,,,EN_TRANSITO,BAJA
TRK-0010E915,CABA,La Plata,8.83,47,26,16,INICIADO,MEDIA
TRK-8581C313,Mar del Plata,CABA,0.15,,,,EN_TRANSITO,BAJA
TRK-3FA82445,Mar del Plata,Córdoba,0.13,,,,INICIADO,BAJA
TRK-831EDD0C,Neuquén,Mar del Plata,0.88,17,15,14,INICIADO,BAJA
TRK-E69CC9D8,Rosario,CABA,0.17,,,,EN_TRANSITO,BAJA
TRK-576B72FD,Neuquén,Mendoza,5.69,39,23,20,EN_TRANSITO,MEDIA
TRK-97FCC05F,CABA,Córdoba,29.99,118,76,53,EN_TRANSITO,ALTA
TRK-D5768CC3,Neuquén,Córdoba,30.27,117,71,56,EN_TRANSITO,ALTA
TRK-0608A894,Rosario,Salta,16.53,108,42,51,EN_TRANSITO,ALTA
TRK-B920FB4B,Salta,Rosario,0.65,27,16,14,EN_TRANSITO,BAJA
TRK-19C6E3D7,Córdoba,Mendoza,3.94,43,40,26,EN_TRANSITO,MEDIA
TRK-D2F6980C,Tucumán,Córdoba,0.29,,,,INICIADO,BAJA
TRK-DBF9C5C2,Tucumán,La Plata,15.82,86,59,33,INICIADO,ALTA
TRK-7CB61E02,Mar del Plata,Mendoza,2.49,26,12,10,EN_TRANSITO,BAJA
TRK-022AD659,Salta,Rosario,26.02,94,71,59,EN_TRANSITO,ALTA
TRK-77554F84,CABA,Tucumán,0.15,,,,INICIADO,BAJA
TRK-C5022433,Salta,Mar del Plata,0.35,,,,EN_TRANSITO,BAJA
TRK-CA6EEB48,Rosario,Mendoza,0.22,,,,INICIADO,BAJA
TRK-4EBA3BB0,CABA,Córdoba,0.4,,,,EN_TRANSITO,BAJA
TRK-2AA3315A,CABA,Neuquén,19.88,61,63,48,INICIADO,ALTA
TRK-1A961B60,Córdoba,CABA,1.28,28,15,11,INICIADO,BAJA
TRK-F1741500,Salta,Tucumán,28.12,90,79,35,INICIADO,ALTA
TRK-EA53FB38,Tucumán,Córdoba,1.64,29,16,11,EN_TRANSITO,BAJA
TRK-60444E9F,Mar del Plata,Tucumán,2.86,22,18,14,INICIADO,BAJA
TRK-4DEAB621,Rosario,La Plata,0.44,,,,INICIADO,BAJA
TRK-F8CE8AED,Neuquén,Córdoba,2.07,20,10,13,INICIADO,BAJA
TRK-9DA74851,Salta,Mendoza,9.06,38,33,26,INICIADO,MEDIA
TRK-85B4A680,Córdoba,Mendoza,1.75,15,11,13,INICIADO,BAJA
TRK-1F3FD801,Mar del Plata,Neuquén,9.39,33,39,18,INICIADO,MEDIA
TRK-CA715C5E,Mendoza,La Plata,3.74,34,37,23,INICIADO,BAJA
TRK-A14DF1AE,Tucumán,Córdoba,27.7,93,46,41,INICIADO,ALTA
TRK-21AA7FB6,Mar del Plata,La Plata,5.62,39,34,24,INICIADO,MEDIA
TRK-664F57C8,Córdoba,CABA,1.15,25,10,9,EN_TRANSITO,BAJA
TRK-E41E057B,Mar del Plata,Neuquén,6.68,35,25,29,EN_TRANSITO,MEDIA
TRK-AE1D9B24,La Plata,Salta,0.16,,,,INICIADO,BAJA
TRK-D6380AFA,Mendoza,Rosario,0.42,,,,EN_TRANSITO,BAJA
TRK-B47CFD59,Tucumán,Mar del Plata,6.85,36,34,16,INICIADO,MEDIA
TRK-1F65A2D1,Tucumán,Mendoza,2.05,23,15,8,INICIADO,BAJA
TRK-03B5D1E5,CABA,Neuquén,25.41,68,48,50,INICIADO,ALTA
TRK-611CD5FD,Salta,Mendoza,0.23,,,,INICIADO,BAJA
TRK-3BF3D979,Tucumán,La Plata,0.28,,,,EN_TRANSITO,BAJA
TRK-2116686D,Rosario,Mar del Plata,9.66,34,35,28,EN_TRANSITO,MEDIA
TRK-458D8DEA,Mar del Plata,La Plata,0.3,,,,INICIADO,BAJA
TRK-B74A090C,Neuquén,Córdoba,13.88,113,46,40,EN_TRANSITO,ALTA
TRK-AAD11961,Tucumán,Mendoza,5.17,48,24,28,INICIADO,MEDIA
TRK-874128A3,CABA,Mar del Plata,2.26,25,13,7,INICIADO,BAJA
TRK-AF239CB7,Rosario,Neuquén,24.94,78,44,41,INICIADO,ALTA
TRK-D0697DE7,La Plata,Mendoza,4.56,46,31,17,EN_TRANSITO,BAJA
TRK-BB5FBF33,Mendoza,La Plata,0.28,,,,EN_TRANSITO,BAJA
TRK-25AC9098,Córdoba,La Plata,0.35,,,,INICIADO,BAJA
TRK-63F58E70,Córdoba,CABA,13.95,117,62,44,EN_TRANSITO,ALTA
TRK-E0B7512A,Rosario,CABA,0.48,,,,EN_TRANSITO,BAJA
TRK-AA15A07C,Mendoza,Córdoba,6.8,34,21,28,EN_TRANSITO,MEDIA
TRK-0C9C310E,Mar del Plata,La Plata,5.67,50,23,23,EN_TRANSITO,MEDIA
TRK-8B7CB93A,Tucumán,Mar del Plata,0.16,,,,INICIADO,BAJA
TRK-FA4B3E6F,CABA,La Plata,11.64,69,66,32,INICIADO,ALTA
TRK-963DE0C5,La Plata,Tucumán,10.77,64,60,50,EN_TRANSITO,ALTA
TRK-E2A96282,La Plata,Mar del Plata,25.5,106,74,45,EN_TRANSITO,ALTA
TRK-C4BB9EE4,Rosario,Mendoza,0.76,26,19,12,INICIADO,BAJA
TRK-DF83EA6F,Tucumán,Salta,0.41,,,,INICIADO,BAJA
TRK-04624218,Tucumán,Córdoba,19.74,66,46,43,EN_TRANSITO,ALTA
TRK-67EB03E5,La Plata,Mendoza,0.14,,,,INICIADO,BAJA
TRK-276167DC,Mendoza,Rosario,0.47,,,,INICIADO,BAJA
TRK-81C4DB75,Rosario,Mendoza,9.76,46,40,29,INICIADO,MEDIA
TRK-B4AC8BAF,La Plata,Neuquén,16.95,87,48,58,EN_TRANSITO,ALTA
TRK-A6FC300F,La Plata,Tucumán,23.08,106,48,47,INICIADO,ALTA
TRK-E0C19DD7,CABA,Mar del Plata,1.97,29,12,10,INICIADO,BAJA
TRK-1339A536,Salta,Córdoba,9.7,38,36,30,EN_TRANSITO,MEDIA
TRK-6ED6512E,Neuquén,Tucumán,10.52,77,75,53,INICIADO,ALTA
TRK-2B8F6FDD,Rosario,La Plata,9.27,34,33,24,EN_TRANSITO,MEDIA
TRK-0C13626B,Neuquén,Mendoza,11.72,99,54,49,EN_TRANSITO,ALTA
TRK-03F7A198,Mendoza,Córdoba,10.78,65,70,50,INICIADO,ALTA
TRK-C4EDE3E5,Mendoza,Mar del Plata,1.31,20,11,13,INICIADO,BAJA
TRK-27FFBBAC,Mar del Plata,La Plata,3.91,42,40,30,INICIADO,MEDIA
TRK-29DAF18F,Mendoza,La Plata,0.68,15,15,7,EN_TRANSITO,BAJA
TRK-B53CA009,La Plata,Mar del Plata,33.72,69,65,42,EN_TRANSITO,ALTA
TRK-38AF55BB,CABA,Córdoba,8.14,42,26,29,INICIADO,MEDIA
TRK-5E1A5125,Rosario,Córdoba,0.37,,,,EN_TRANSITO,BAJA
TRK-83196ECB,Mendoza,Tucumán,0.17,,,,EN_TRANSITO,BAJA
TRK-E7DD5CFF,Tucumán,Neuquén,17.7,84,63,45,INICIADO,ALTA
TRK-B4BA179A,Salta,CABA,33.3,70,71,54,INICIADO,ALTA
TRK-BE393311,La Plata,Mendoza,6.59,31,35,21,EN_TRANSITO,MEDIA
TRK-C96A53B5,CABA,Rosario,1.95,18,17,11,EN_TRANSITO,BAJA
TRK-0A5404F2,CABA,Neuquén,2.09,26,18,11,EN_TRANSITO,BAJA
TRK-14E19C73,Neuquén,Rosario,27.07,54,47,42,INICIADO,ALTA
TRK-AFF84B06,Neuquén,Salta,1.07,22,17,8,INICIADO,BAJA
TRK-36466790,Neuquén,CABA,0.39,,,,EN_TRANSITO,BAJA
TRK-88AF6204,Tucumán,Mar del Plata,4.84,43,24,30,INICIADO,MEDIA
TRK-26A0A993,Neuquén,Tucumán,1.41,23,13,10,EN_TRANSITO,BAJA
TRK-B70C5E43,CABA,Mendoza,8.39,32,34,16,INICIADO,MEDIA
TRK-BA2B9572,Salta,La Plata,0.39,,,,INICIADO,BAJA
TRK-0AB71543,Salta,Tucumán,13.09,108,64,47,INICIADO,ALTA
TRK-239EB327,La Plata,Neuquén,0.72,25,19,10,INICIADO,BAJA
TRK-C8F63631,Rosario,Tucumán,0.4,,,,INICIADO,BAJA
TRK-C7E5510E,Mar del Plata,Rosario,1.44,27,10,6,INICIADO,BAJA
TRK-D5A9D348,Tucumán,Mar del Plata,10.58,115,79,43,INICIADO,ALTA
TRK-DC1D256A,Mar del Plata,Mendoza,1.87,15,18,8,EN_TRANSITO,BAJA
TRK-BBC9CD93,Mar del Plata,Mendoza,0.31,,,,INICIADO,BAJA
TRK-835C6FBA,Salta,Neuquén,9.48,39,34,26,INICIADO,MEDIA
TRK-C8D8C065,Tucumán,La Plata,1.79,23,16,6,EN_TRANSITO,BAJA
TRK-99DA28C1,Mar del Plata,CABA,0.28,,,,INICIADO,BAJA
TRK-13A890C5,Salta,Rosario,1.59,19,16,7,EN_TRANSITO,BAJA
TRK-EDDA49E9,Tucumán,CABA,0.66,19,14,5,INICIADO,BAJA
TRK-23EE0D77,Rosario,Córdoba,9.81,47,21,16,INICIADO,MEDIA
TRK-12B35839,Neuquén,CABA,12.91,58,74,47,INICIADO,ALTA
TRK-BF11B98E,Neuquén,La Plata,1.7,23,20,11,EN_TRANSITO,BAJA
TRK-169ACF85,Rosario,La Plata,0.16,,,,INICIADO,BAJA
TRK-CAE4A770,Salta,Rosario,30.84,76,41,60,EN_TRANSITO,ALTA
TRK-960E606E,Córdoba,Mendoza,0.4,,,,EN_TRANSITO,BAJA
TRK-6E23F572,Tucumán,Rosario,0.38,,,,INICIADO,BAJA
TRK-871D8BBF,CABA,Neuquén,27.9,88,79,34,EN_TRANSITO,ALTA
TRK-DA9A7C86,Córdoba,Mendoza,1.29,30,17,6,INICIADO,BAJA
TRK-FCDCF8FF,La Plata,Salta,5.53,45,35,26,EN_TRANSITO,MEDIA
TRK-855F55C9,CABA,La Plata,0.18,,,,EN_TRANSITO,BAJA
TRK-39A833BB,Neuquén,Tucumán,29.43,96,65,45,EN_TRANSITO,ALTA
TRK-5435D5E9,Córdoba,Salta,4.08,31,37,17,INICIADO,BAJA
TRK-E1900D79,Neuquén,La Plata,0.13,,,,INICIADO,BAJA
TRK-7E22505C,CABA,Neuquén,0.23,,,,EN_TRANSITO,BAJA
TRK-E838E430,Córdoba,Rosario,29.16,56,69,40,EN_TRANSITO,ALTA
TRK-8AFF4650,Córdoba,Rosario,15.84,79,72,54,INICIADO,ALTA
TRK-1F73A4B5,CABA,La Plata,6.4,32,37,18,EN_TRANSITO,MEDIA
TRK-A5671E0B,CABA,Neuquén,0.41,,,,EN_TRANSITO,BAJA
TRK-6A45ABC4,Rosario,La Plata,8.84,42,33,18,EN_TRANSITO,MEDIA
TRK-A3851A88,Córdoba,Rosario,0.12,,,,EN_TRANSITO,BAJA
TRK-3F556F95,Rosario,Córdoba,2.61,24,19,10,EN_TRANSITO,BAJA
TRK-3516CA4E,Neuquén,Córdoba,9.05,33,28,26,EN_TRANSITO,MEDIA
TRK-2AF801A4,Salta,Neuquén,5.27,38,38,28,EN_TRANSITO,MEDIA
TRK-D85DE9C2,Rosario,Tucumán,6.61,46,36,17,INICIADO,MEDIA
TRK-CD637C71,Salta,La Plata,33.03,75,78,41,INICIADO,ALTA
TRK-A039D969,CABA,Mendoza,9.24,45,32,26,INICIADO,MEDIA
TRK-CD09FFA3,Tucumán,La Plata,11.18,68,66,48,EN_TRANSITO,ALTA
TRK-C7CBC389,Rosario,Córdoba,28.78,54,60,58,EN_TRANSITO,ALTA
TRK-F3232D1E,Salta,Rosario,32.27,102,66,60,EN_TRANSITO,ALTA
TRK-3759E55E,Salta,Tucumán,5.44,46,21,17,EN_TRANSITO,MEDIA
TRK-2B668085,La Plata,Rosario,7.89,33,32,22,INICIADO,MEDIA
TRK-9AD09D5F,Mendoza,Mar del Plata,6.05,33,21,30,EN_TRANSITO,MEDIA
TRK-8E96DE46,Mendoza,Mar del Plata,0.35,,,,INICIADO,BAJA
TRK-CEB2AF33,La Plata,Mendoza,1.52,21,20,13,EN_TRANSITO,BAJA
TRK-4BEB58EF,Mar del Plata,Mendoza,18.05,109,73,46,EN_TRANSITO,ALTA
TRK-1C5F05BB,Salta,Mar del Plata,0.46,,,,EN_TRANSITO,BAJA
TRK-8DE02400,Mendoza,Tucumán,5.51,36,38,17,EN_TRANSITO,MEDIA
TRK-4BD63C6D,La Plata,Córdoba,0.19,,,,EN_TRANSITO,BAJA
TRK-8AE7CD18,Córdoba,Tucumán,10.2,52,71,31,EN_TRANSITO,ALTA
TRK-CB167F68,Mendoza,Salta,28.12,78,80,33,EN_TRANSITO,ALTA
TRK-3350D1DB,Mendoza,Córdoba,29.62,68,63,33,EN_TRANSITO,ALTA
TRK-AA2ECA72,Mar del Plata,Neuquén,0.19,,,,EN_TRANSITO,BAJA
TRK-2DB2A72A,La Plata,Córdoba,20.75,108,53,42,EN_TRANSITO,ALTA
TRK-7F62456B,Tucumán,Mar del Plata,0.45,,,,EN_TRANSITO,BAJA
TRK-D9530634,Mendoza,Neuquén,7.46,47,29,26,INICIADO,MEDIA
TRK-7D63A730,Rosario,Mar del Plata,0.11,,,,INICIADO,BAJA
TRK-5BFF231E,Mar del Plata,Salta,1.82,22,20,5,INICIADO,BAJA
TRK-DEBF0062,Córdoba,La Plata,4.67,32,39,29,INICIADO,MEDIA
TRK-8816E44B,Tucumán,Córdoba,0.14,,,,EN_TRANSITO,BAJA
TRK-543E6A72,Mar del Plata,Córdoba,17.08,80,62,39,EN_TRANSITO,ALTA
TRK-DB037A92,Mendoza,Neuquén,28.26,99,77,33,EN_TRANSITO,ALTA
TRK-497C23C5,Tucumán,Córdoba,0.36,,,,INICIADO,BAJA
TRK-F09E44D7,La Plata,CABA,1.8,15,14,5,INICIADO,BAJA
TRK-F242BDC3,La Plata,Córdoba,0.11,,,,EN_TRANSITO,BAJA
TRK-72CBC9DE,La Plata,CABA,1.88,20,11,5,EN_TRANSITO,BAJA
TRK-E9CF7C75,Neuquén,Rosario,0.36,,,,EN_TRANSITO,BAJA
TRK-C45C59D3,Mendoza,Tucumán,0.31,,,,EN_TRANSITO,BAJA
TRK-FF0892DD,Tucumán,Córdoba,1.18,16,11,9,INICIADO,BAJA
TRK-80ADB99F,Córdoba,Tucumán,15.37,107,74,35,INICIADO,ALTA
TRK-0374AEEE,Córdoba,Neuquén,13.62,62,52,54,INICIADO,ALTA
TRK-60665343,CABA,Tucumán,0.33,,,,EN_TRANSITO,BAJA
TRK-C8706C8D,Rosario,Mendoza,25.05,60,64,37,INICIADO,ALTA
TRK-898D1AB4,Mar del Plata,Neuquén,16.59,84,55,53,INICIADO,ALTA
TRK-9EF78349,Tucumán,Córdoba,31.23,72,77,32,EN_TRANSITO,ALTA
TRK-E7F2F0A5,Mendoza,Mar del Plata,4.26,43,29,19,EN_TRANSITO,BAJA
TRK-41E2216D,Córdoba,CABA,3.97,43,21,22,EN_TRANSITO,BAJA
TRK-18CE4639,Neuquén,Tucumán,14.52,101,45,50,EN_TRANSITO,ALTA
TRK-D7B24F37,Tucumán,Mar del Plata,0.11,,,,EN_TRANSITO,BAJA
TRK-CB8C8977,Salta,Neuquén,0.38,,,,EN_TRANSITO,BAJA
TRK-72BE3AE4,Mar del Plata,CABA,4.12,40,25,18,INICIADO,BAJA
TRK-62F48435,Mendoza,Salta,0.29,,,,INICIADO,BAJA
TRK-AA226A61,Rosario,Mar del Plata,30.02,118,72,51,EN_TRANSITO,ALTA
TRK-DF9F842E,Rosario,Mendoza,0.41,,,,EN_TRANSITO,BAJA
TRK-80E5675E,Mendoza,Córdoba,0.1,,,,INICIADO,BAJA
TRK-3139EF6E,Tucumán,Mendoza,0.28,,,,INICIADO,BAJA
TRK-A021DB6C,Salta,Tucumán,6.32,49,38,20,EN_TRANSITO,MEDIA
TRK-6ACF560C,Salta,Mar del Plata,3.0,19,10,11,INICIADO,BAJA
TRK-68BC2678,Rosario,Mendoza,1.48,29,14,13,INICIADO,BAJA
TRK-B91C1614,Neuquén,Mendoza,0.64,23,13,13,INICIADO,BAJA
TRK-A80E7A99,CABA,La Plata,17.46,105,48,38,INICIADO,ALTA
TRK-7C6DB444,Neuquén,CABA,1.33,26,11,5,INICIADO,BAJA
TRK-10DC6B98,Córdoba,CABA,1.84,15,18,10,EN_TRANSITO,BAJA
TRK-DC92E643,Neuquén,La Plata,0.14,,,,EN_TRANSITO,BAJA
TRK-2721929F,Córdoba,Tucumán,30.05,110,64,40,INICIADO,ALTA
TRK-23700545,Mendoza,La Plata,2.9,24,16,11,INICIADO,BAJA
TRK-252924E9,La Plata,Rosario,6.72,44,24,17,INICIADO,MEDIA
TRK-04FB4C7E,Rosario,Neuquén,2.55,23,10,9,EN_TRANSITO,BAJA
TRK-859B8FFD,La Plata,Tucumán,0.45,,,,INICIADO,BAJA
TRK-4FA85A05,Salta,Rosario,18.74,59,43,31,EN_TRANSITO,ALTA
TRK-15C871B4,La Plata,Rosario,0.48,,,,EN_TRANSITO,BAJA
TRK-CE6F0251,CABA,Tucumán,10.18,112,77,51,INICIADO,ALTA
TRK-864D3FF0,Tucumán,Mendoza,20.67,111,64,35,INICIADO,ALTA
TRK-1A15579F,Mendoza,La Plata,0.27,,,,INICIADO,BAJA
TRK-9FDC15A4,Mendoza,CABA,2.67,27,14,12,INICIADO,BAJA
TRK-968FE84B,Córdoba,Tucumán,0.42,,,,EN_TRANSITO,BAJA
TRK-0EC08053,Salta,Neuquén,6.04,33,21,25,EN_TRANSITO,MEDIA
TRK-2D2A1722,La Plata,Mendoza,30.2,108,48,56,EN_TRANSITO,ALTA
TRK-814AF943,Salta,Rosario,0.21,,,,EN_TRANSITO,BAJA
TRK-17A9DCFE,Rosario,Tucumán,34.43,81,76,39,EN_TRANSITO,ALTA
TRK-F9D0C11B,Rosario,Mendoza,0.16,,,,EN_TRANSITO,BAJA
